NVMe_total_util,CPU,Memory_used
0.43334016,0.56216776,0.63814723
0.460114,0.58041,0.6323281
0.41152024,0.54850924,0.64207864
0.4362874,0.5638508,0.6350017
