NVMe_total_util,CPU,Memory_used
0.4072641,0.5419215,0.63501453
0.41758743,0.55056113,0.63637143
0.4177575,0.54797846,0.6359352
0.43104142,0.5651088,0.63945407
