NVMe_total_util,CPU,Memory_used
0.34192184,0.50558484,0.65606487
0.33577275,0.49793336,0.65222406
0.321817,0.48901668,0.65527064
0.37213355,0.52942324,0.64900553
