NVMe_total_util,CPU,Memory_used
0.34478486,0.5053917,0.6511676
0.3314799,0.49118552,0.65258414
0.3348933,0.5025525,0.6576434
0.3412106,0.5035907,0.64945215
