NVMe_from_ceph,NVMe_from_transfer,NVMe_total_util,CPU,Goodput,Memory_used,NIC_speed,Packet_losses,network_throughput,CPU_count,Memory_total,Storage_count,num_workers
0.0,0.0,0.0,0.387999999523163,0.0,11199414272.0,100000000000.0,1.4,13785.4,16.0,34359740000.0,8.0,50.0
134224281.6,0.0,1.0736000000033528,0.3919999983161685,0.0,11218059264.0,100000000000.0,1.6,44530.6,16.0,34359740000.0,8.0,50.0
134217728.0,0.0,1.0711999999824913,0.7200000014156105,0.0,11218063360.0,100000000000.0,1.2,31225.6,16.0,34359740000.0,8.0,50.0
134230835.2,0.0,1.0864000000292435,0.3779999990016223,0.0,11218079744.0,100000000000.0,1.4,45062.6,16.0,34359740000.0,8.0,50.0
134008012.8,0.0,1.062399999983609,0.4980000000447037,0.0,11218100224.0,100000000000.0,1.4,30927.4,16.0,34359740000.0,8.0,50.0
19936051.2,0.0,0.2640000000130385,0.4200000002980232,0.0,11218124800.0,100000000000.0,1.6,45186.6,16.0,34359740000.0,8.0,50.0
19922944.0,0.0,0.25439999997615814,0.7539999999105931,0.0,11219570688.0,100000000000.0,1.6,33026.6,16.0,34359740000.0,8.0,50.0
19936051.2,0.0,0.2632000000216067,0.42600000016391304,0.0,11219034112.0,100000000000.0,1.2,49134.6,16.0,34359740000.0,8.0,50.0
19922943.999999996,0.0,0.25360000000800936,0.48799999952316286,0.0,11219038208.0,100000000000.0,1.4,32530.2,16.0,34359740000.0,8.0,50.0
