NVMe_total_util,CPU,Memory_used
0.78853303,0.47403476,0.7991579
0.7860155,0.4790651,0.79682696
0.786235,0.4853769,0.79579395
0.7831708,0.4934772,0.79216844
