NVMe_total_util,CPU,Memory_used
0.9982685,0.7482214,0.9598726
0.99431133,0.7463488,0.9560634
0.9937618,0.746561,0.9549539
0.994252,0.74790704,0.95522046
