NVMe_total_util,CPU,Memory_used
0.84475917,0.7896002,0.6521071
0.84581256,0.79503775,0.65247846
0.8525595,0.80150574,0.6548654
0.8566981,0.8070456,0.6559814
