NVMe_total_util,CPU,Memory_used
0.88844687,0.83434325,0.66934174
0.87869024,0.8282049,0.6645412
0.8795896,0.82619923,0.6658181
0.8626967,0.8097145,0.659741
