NVMe_total_util,CPU,Memory_used
0.9034993,0.851718,0.67646706
0.8957947,0.84078467,0.6738482
0.8976785,0.8444776,0.67578846
0.89222485,0.8410104,0.67322457
