NVMe_total_util,CPU,Memory_used
0.9067231,0.8571318,0.67704093
0.9096749,0.8588934,0.6782427
0.9007417,0.8443596,0.6757603
0.904755,0.8505375,0.6785209
