NVMe_total_util,CPU,Memory_used
0.91446596,0.5959366,0.9717435
0.91375494,0.5987635,0.9740758
0.91178596,0.6032621,0.9753437
0.90812707,0.6075018,0.97449374
