NVMe_total_util,CPU,Memory_used
0.92199063,0.62074727,0.98026717
0.9212297,0.62021214,0.9793642
0.9220909,0.6202497,0.9802965
0.92199147,0.6205174,0.9801057
