NVMe_total_util,CPU,Memory_used
0.672214,0.08942568,0.86033493
0.6696356,0.08942579,0.85824263
0.6943113,0.09580589,0.86877346
0.7104577,0.10525586,0.87520695
