NVMe_total_util,CPU,Memory_used
0.73780483,0.112744786,0.8844361
0.7392098,0.11159748,0.8848717
0.72916013,0.10734991,0.88127583
0.73105127,0.1060296,0.8825885
