NVMe_total_util,CPU,Memory_used
0.7422613,0.111698456,0.88715935
0.74093014,0.110626824,0.88731384
0.7436671,0.11047126,0.8884417
0.7351773,0.10989901,0.8860495
