NVMe_total_util,CPU,Memory_used
0.751847,0.115282774,0.8919166
0.755296,0.116606385,0.8927355
0.75724447,0.11462392,0.8939625
0.75271803,0.11603196,0.89261055
