NVMe_total_util,CPU,Memory_used
0.6571274834436586,0.9498344370817752,0.595607552
0.7801083333334342,0.9666666666666666,0.5920890879999999
0.6547603173549056,0.7615674378341559,0.594632704
0.28766917794553004,0.3530402026811101,0.580591616
0.7108583333329687,0.7436666666607682,0.596025344
0.6551396573559589,0.7086027598259457,0.593883136
0.7063583333321728,0.8117499999934806,0.5962711039999999
0.6486916666666124,0.6971666666601471,0.592797696
0.6047166666670819,0.6617500000090029,0.593108992
