NVMe_total_util,CPU,Memory_used
0.71141374,0.77312183,0.60211825
0.7298009,0.7925065,0.6127045
0.6825761,0.73976755,0.59220004
0.41008565,0.46784705,0.5916879
0.6703454,0.72753817,0.6050806
0.6750973,0.72887766,0.5867456
0.71745527,0.7836085,0.60422397
0.7384345,0.7940706,0.61072075
0.80937946,0.8801752,0.63799214
