NVMe_total_util,CPU,Memory_used
0.58935356,0.6271612,0.5126805
0.58795965,0.6242057,0.5116958
0.59420115,0.6295676,0.5166448
0.59590805,0.636887,0.5170295
0.6057647,0.65130097,0.52112275
0.5906714,0.62336403,0.5147642
0.59075785,0.63041115,0.5147112
0.6009026,0.638051,0.51918024
0.58849263,0.62177694,0.5116113
0.58608395,0.6164481,0.5340679
0.5835347,0.6155627,0.51193875
0.58973014,0.630531,0.5109026
0.5958576,0.62979156,0.5200834
0.5895809,0.62455124,0.5157416
0.59924614,0.63421226,0.51874715
