NVMe_total_util,CPU,Memory_used
0.6370657,0.6845149,0.51975065
0.62811375,0.66911507,0.51760215
0.6170566,0.64753366,0.5153538
0.6335384,0.6776347,0.5178916
0.6238687,0.65740645,0.5163977
0.6339781,0.66285896,0.5214435
0.39079547,0.4624736,0.5352901
0.62131315,0.66253483,0.5146903
0.6211233,0.6603228,0.51240915
0.6228838,0.6624731,0.5138177
0.63501966,0.66874945,0.52163047
0.61655754,0.65744615,0.51204884
0.6268779,0.6599542,0.5176773
0.6041144,0.62825394,0.5156859
