NVMe_total_util,CPU,Memory_used
0.63275295,0.6720657,0.51650476
0.6412716,0.6861409,0.52243817
0.6476841,0.6940082,0.52334046
0.6380301,0.67982,0.51834977
0.63842654,0.6827433,0.5192179
0.6319082,0.67557937,0.514532
0.6430945,0.68021655,0.5216124
0.6350717,0.67493963,0.51647145
0.6345144,0.6769921,0.5168092
0.32510704,0.40429014,0.51570255
0.6432656,0.6860702,0.5201328
0.64127505,0.68165433,0.5189603
0.6430743,0.68609357,0.51985043
0.6405969,0.6807894,0.5178839
