NVMe_total_util,CPU,Memory_used
0.6519533,0.70584255,0.5171732
0.65914845,0.7129766,0.5182109
0.6552405,0.7071485,0.5166852
0.65462893,0.7099706,0.51658833
0.64744,0.70694625,0.51610565
0.656664,0.71042836,0.51706225
0.65944827,0.72893965,0.51812935
0.65807134,0.7147479,0.5174644
0.6574601,0.7414828,0.5214399
0.39497167,0.4579643,0.51496226
0.6519431,0.7087501,0.51511556
0.6478581,0.69810855,0.5127836
0.45815802,0.5232803,0.5200392
