NVMe_total_util,CPU,Memory_used
0.64414185,0.70864224,0.5089364
0.66021484,0.7171559,0.51754856
0.66514486,0.7200554,0.51993555
0.6466209,0.70576054,0.5102894
0.6627528,0.7291477,0.5174008
0.52230877,0.5918817,0.5140527
0.6594485,0.71653247,0.5152905
0.6550123,0.71082705,0.5157738
0.6543309,0.7275718,0.51821464
0.63826376,0.69011474,0.5080846
0.42692676,0.5055675,0.51791984
0.6690106,0.73113143,0.52262634
0.6647801,0.71297914,0.5205524
