NVMe_total_util,CPU,Memory_used
0.6660616,0.7195501,0.5160432
0.66341543,0.73068076,0.5147322
0.67330676,0.72014546,0.52071095
0.66389745,0.71185064,0.51614934
0.6732195,0.72008455,0.51951665
0.35847008,0.45506632,0.51232415
0.665933,0.7252721,0.51722926
0.6556912,0.71382207,0.51213104
0.6586003,0.72063214,0.5138719
0.67137474,0.72303575,0.5176355
0.36150685,0.45567408,0.51553565
0.6453111,0.70145655,0.506315
