NVMe_total_util,CPU,Memory_used
0.6679435,0.72258776,0.51122636
0.6687002,0.7240537,0.5111738
0.7007911,0.75209665,0.5245938
0.6853258,0.7361968,0.518672
0.6720671,0.72662294,0.5124546
0.3405224,0.40830326,0.5144544
0.6915128,0.7435809,0.5197637
0.6870563,0.74676985,0.51906836
0.7168534,0.76497126,0.5299685
0.7118392,0.7643032,0.5312728
0.4092027,0.4756632,0.52230877
0.7023369,0.75246483,0.5234402
