NVMe_total_util,CPU,Memory_used
0.6961719,0.7534375,0.51645774
0.69581604,0.755762,0.51625556
0.6997489,0.7576443,0.5189827
0.7015511,0.76187617,0.5191565
0.6868293,0.7488102,0.51279587
0.2581382,0.34744078,0.51562756
0.7106633,0.7677334,0.52345896
0.69477475,0.75239426,0.5155153
0.7006439,0.75438166,0.5177553
0.6931118,0.7536881,0.515325
0.36167297,0.45444024,0.5309905
