NVMe_total_util,CPU,Memory_used
0.6531021,0.71601933,0.5040616
0.6677882,0.73253113,0.5094943
0.67275774,0.73090756,0.50991523
0.7186064,0.76254123,0.5249535
0.6829946,0.74263203,0.51498514
0.31651616,0.39975682,0.5097357
0.69552445,0.7560953,0.5200684
0.6692276,0.72862655,0.5092318
0.6790491,0.7352308,0.5122864
0.68790734,0.746132,0.5169784
0.3013043,0.39211875,0.51664305
