NVMe_total_util,CPU,Memory_used
0.6817454,0.7411892,0.50641817
0.6955235,0.7531282,0.51216525
0.70921355,0.7755187,0.518153
0.6779465,0.7378574,0.50689113
0.47325826,0.5246028,0.49278307
0.7357261,0.7912967,0.52511185
0.686727,0.7435991,0.50753033
0.7321457,0.78401077,0.52137846
0.6830968,0.7382857,0.5064248
0.39816988,0.46167517,0.50571746
0.6884898,0.7455753,0.50712645
