NVMe_total_util,CPU,Memory_used
0.7054056,0.75997305,0.5153591
0.36946812,0.43756497,0.5098888
0.713863,0.76964635,0.5166246
0.66817796,0.71939164,0.5058586
0.7136538,0.76225287,0.5113512
0.6821281,0.7284514,0.5027407
0.69796973,0.74969155,0.50859714
0.71973354,0.76830566,0.5120216
0.6736226,0.73724335,0.49486682
0.7094221,0.7647608,0.5140279
