NVMe_total_util,CPU,Memory_used
0.7073436,0.7677598,0.51805305
0.78141123,0.8451529,0.52325755
0.7709088,0.84083027,0.5268683
0.7688827,0.8296783,0.5203665
0.33815908,0.40580207,0.5173471
0.7335299,0.7959757,0.5209131
0.7585595,0.8199808,0.5186373
0.77124476,0.8300776,0.52151066
0.7686073,0.81495583,0.5123547
0.3474736,0.4204914,0.52226865
