NVMe_total_util,CPU,Memory_used
0.6758073,0.72992885,0.51843727
0.29748347,0.38101837,0.5160036
0.63022673,0.6814148,0.51529586
0.6329308,0.6933799,0.51899844
0.7565541,0.8154516,0.5241233
0.74985945,0.8077195,0.51862764
0.72953707,0.7852712,0.52066714
0.7802225,0.8332563,0.5186889
0.74559784,0.8099131,0.50526017
0.72759765,0.7846266,0.5220761
