NVMe_total_util,CPU,Memory_used
0.70067143,0.75408363,0.5158358
0.34585753,0.42270982,0.5082517
0.69042873,0.7508193,0.5156484
0.7261381,0.7833924,0.5161936
0.66352415,0.7144966,0.51109356
0.72012675,0.77949,0.51326597
0.7255603,0.78632987,0.51646966
0.7310406,0.7840375,0.5072708
0.73233545,0.8077967,0.4912389
0.7383896,0.8070344,0.51926833
