NVMe_total_util,CPU,Memory_used
0.7740083333333434,0.8279166666655026,0.514654208
0.776775000000028,0.8187499999980598,0.5138145279999999
0.7420505299646968,0.7826811545890731,0.5148999679999999
0.2747916666666545,0.4716666666655027,0.5113856
0.6982666666665561,0.735333333337136,0.517210112
0.6691583333332649,0.7120833333310049,0.515674112
0.7780185345689087,0.8242382825553521,0.5148999679999999
0.6415333333334878,0.6686666666646488,0.517210112
0.7826166666666423,0.8399166666708578,0.5138145279999999
