NVMe_total_util,CPU,Memory_used
0.79659486,0.8546293,0.5218956
0.71992487,0.7820827,0.5198594
0.772293,0.8329611,0.5212508
0.22022714,0.32552186,0.50946915
0.73858196,0.8034314,0.51798505
0.7064227,0.76418257,0.5173582
0.7206935,0.77605224,0.5168022
0.7035477,0.7564601,0.5130053
0.69321084,0.75345826,0.5181396
