NVMe_total_util,CPU,Memory_used
0.7462916666667297,0.7949999999972835,0.517152768
0.6694474105712727,0.7413073945579984,0.514686976
0.7490749999999632,0.8002499999963522,0.515936256
0.3014166666666521,0.3566666666670547,0.510050304
0.7995999999999794,0.8574999999953435,0.515817472
0.7123750000000658,0.7835000000001552,0.51554304
0.8241033931071672,0.8730084661023375,0.515936256
0.6928166666667797,0.7411666666681412,0.515817472
0.7302583333334041,0.7872499999997672,0.514686976
