NVMe_total_util,CPU,Memory_used
0.719656,0.77802455,0.51168364
0.7340502,0.79976165,0.5191679
0.68620265,0.75204766,0.51141566
0.25946298,0.35461283,0.5192721
0.7540956,0.8074857,0.514586
0.7263601,0.797897,0.51815104
0.72205937,0.789225,0.51645803
0.72331464,0.7850641,0.51433605
0.74171233,0.8036487,0.5147972
