NVMe_total_util,CPU,Memory_used
0.6622904931995669,0.7096098365114468,0.514269184
0.7681595439696188,0.8189045936436121,0.513908736
0.6577333333333324,0.7138333333326349,0.513437696
0.28440473813791656,0.3524156518259372,0.510693376
0.7746083333334051,0.8230833333354292,0.516272128
0.7101833333334072,0.7413333333349633,0.514453504
0.690200000000065,0.7289999999998448,0.513437696
0.69648149110941,0.7340646771316993,0.5151416320000001
0.7421999999999267,0.7878333333336437,0.513908736
