NVMe_total_util,CPU,Memory_used
0.74401426,0.8040923,0.5144557
0.7391625,0.7916345,0.5107931
0.74213266,0.7988365,0.51230913
0.29036796,0.38801092,0.5194574
0.7247576,0.77770144,0.5065678
0.7295337,0.78407574,0.51208764
0.7524256,0.80644643,0.511869
0.73155755,0.787272,0.5116042
0.74566764,0.8038578,0.5142412
