NVMe_total_util,CPU,Memory_used
0.7444500000000213,0.7922499999966629,0.513376256
0.7144023731749732,0.7736817545503951,0.513212416
0.7187249999999039,0.7658333333325574,0.514633728
0.29983528422234496,0.3909020817268992,0.510103552
0.7886250000000173,0.8393333333350407,0.513368064
0.8222851432378849,0.8642571618936233,0.5140766720000001
0.7582916666667492,0.7922500000005435,0.512790528
0.6092999999999547,0.6592499999989133,0.513368064
0.8327138475899141,0.8910760717414535,0.51326976
