NVMe_total_util,CPU,Memory_used
0.7766076,0.8208017,0.5143088
0.73995787,0.7914283,0.5171803
0.7489174,0.79695535,0.5172719
0.31176564,0.38127106,0.51306736
0.7210323,0.78086704,0.5156182
0.7303029,0.78441775,0.5155122
0.7525561,0.7981583,0.514804
0.69018435,0.74651116,0.51684356
0.7513357,0.796366,0.51663876
