NVMe_total_util,CPU,Memory_used
0.70884305,0.7616903,0.51332045
0.77626586,0.81881416,0.5164767
0.7090659,0.7602758,0.5129932
0.35248187,0.43343738,0.5311929
0.77058655,0.82321715,0.51886773
0.71711344,0.76474965,0.508486
0.7378752,0.7862005,0.5134138
0.7250121,0.77397233,0.5138998
0.7344621,0.7914463,0.51201326
