NVMe_total_util,CPU,Memory_used
0.7510666666667022,0.7905833333323248,0.5138350079999999
0.8089916666667097,0.8570833333321692,0.5146624
0.746591666666609,0.7867499999954208,0.51392512
0.35952499999996995,0.41499999999844783,0.509837312
0.7810583333333851,0.8300833333303066,0.51410944
0.7440249999999652,0.778416666664028,0.514105344
0.7227249999999911,0.7571666666694604,0.512835584
0.6567999999998695,0.703416666671789,0.51410944
0.6868625424971372,0.720101993199755,0.5146624
