NVMe_total_util,CPU,Memory_used
0.7409199760526821,0.7749950109753885,0.512438272
0.6245333333332385,0.6697499999989912,0.5125611520000001
0.8006166666665497,0.8544166666707803,0.513417216
0.2688624250499351,0.3304463690861117,0.5110784
0.8013833333333726,0.8425000000027163,0.5142814720000001
0.7391888733052041,0.7822747612362709,0.513449984
0.7599916666667316,0.8182499999975941,0.51232768
0.7843333333332947,0.8194999999987584,0.5115863039999999
0.7510166666666311,0.7930833333346528,0.5125611520000001
