NVMe_total_util,CPU,Memory_used
0.6957709,0.7420331,0.5044356
0.6192341,0.65473264,0.51315236
0.6769323,0.71712285,0.5085592
0.34264112,0.4067512,0.51824313
0.7457868,0.7869133,0.5142325
0.701664,0.75171334,0.511603
0.7435951,0.79920375,0.51134074
0.7242184,0.77250934,0.5138688
0.7157553,0.76141846,0.508478
