NVMe_total_util,CPU,Memory_used
0.7276255,0.77588,0.51439875
0.7213974,0.7734341,0.51467526
0.7673842,0.81931776,0.5152555
0.43980682,0.5009474,0.504472
0.7981952,0.8561483,0.51940274
0.6527448,0.70097256,0.51316017
0.7933383,0.8379823,0.51531464
0.70606965,0.7466532,0.5138235
0.6975046,0.73985755,0.51542807
