NVMe_total_util,CPU,Memory_used
0.5540916666667424,0.6005833333358168,0.51318784
0.7390416666666472,0.7738333333341871,0.511598592
0.638330215154224,0.690632099425053,0.512745472
0.264491666666739,0.3485833333358945,0.508399616
0.7552079861343285,0.8045963602410984,0.51267584
0.7488833333332272,0.7944166666653473,0.51351552
0.7923499999998967,0.8329999999996898,0.5135114239999999
0.6727448496565389,0.7253150210017106,0.51267584
0.7599896859197275,0.7976277615131616,0.511598592
