NVMe_total_util,CPU,Memory_used
0.74713254,0.78586894,0.51239437
0.73928636,0.7837459,0.51249146
0.72493744,0.76488805,0.5093558
0.39066687,0.4585017,0.5125738
0.76254845,0.8026671,0.51098996
0.77838695,0.8188882,0.51315534
0.7581459,0.80031836,0.5112026
0.73066187,0.7714704,0.51124525
