NVMe_total_util,CPU,Memory_used
0.7820145323644939,0.8224285047639432,0.5110292479999999
0.6001000000001415,0.6466666666655025,0.512065536
0.6350333333333159,0.6874166666685292,0.512069632
0.19384999999995975,0.2960000000001552,0.509947904
0.7877166666667109,0.8247499999997673,0.510926848
0.7542666666667476,0.7945833333341095,0.512065536
0.755266666666709,0.7930833333346528,0.512385024
0.7015833333332315,0.7548333333358943,0.510926848
