NVMe_total_util,CPU,Memory_used
0.7282329,0.77434176,0.5122406
0.7500482,0.78684264,0.5097273
0.74702764,0.7843102,0.51092196
0.41675738,0.48800477,0.5045095
0.7675452,0.8034587,0.5133446
0.72804177,0.7729165,0.50937366
0.7755043,0.81609565,0.51024914
0.7772944,0.8163438,0.5107129
0.72202283,0.7684798,0.50719184
