NVMe_total_util,CPU,Memory_used
0.6379183891186778,0.6911254833973205,0.51085312
0.7575436783142272,0.797445985595771,0.510849024
0.7169249999999618,0.7626666666668219,0.50927616
0.3048595860784329,0.357988953218084,0.506396672
0.6355166666667477,0.6765833333348079,0.511852544
0.6690083333334771,0.717666666667598,0.5113896960000001
0.7197333333332911,0.7732500000003102,0.510943232
0.765031592949814,0.8002993016274405,0.511852544
0.7727259381055609,0.8015884667330145,0.51142656
