NVMe_total_util,CPU,Memory_used
0.76243293,0.8013584,0.51060116
0.74659526,0.7807032,0.50806475
0.76684374,0.8018467,0.51267046
0.27488866,0.3440388,0.5252578
0.69552857,0.7198735,0.5191212
0.69166446,0.727615,0.5120802
0.73078847,0.769884,0.5084728
0.6952345,0.72301036,0.52093554
0.7280072,0.7684991,0.5113417
