NVMe_total_util,CPU,Memory_used
0.7352333333333565,0.7919166666688398,0.5119098879999999
0.8438979265284234,0.8806587105762814,0.51062784
0.8477916666666715,0.8915833333351958,0.51034112
0.3370749999999437,0.39166666666666666,0.5049589760000001
0.7175333333332673,0.7564999999982923,0.51144704
0.708666666666856,0.7474999999996119,0.510164992
0.7466749999998984,0.7892500000016299,0.511787008
0.6857416666667632,0.720000000001164,0.5101895679999999
0.7322750000001179,0.7626666666668218,0.511619072
