NVMe_total_util,CPU,Memory_used
0.6900499999999741,0.7190833333297634,0.510988288
0.8347583333332902,0.869083333333644,0.511000576
0.7439250000000054,0.7851666666625533,0.509259776
0.2847916666666303,0.3315000000002327,0.5045207039999999
0.7965999999999742,0.8424166666693053,0.509734912
0.7483583333332717,0.7880833333358169,0.510767104
0.6585416666666787,0.6963333333318587,0.512299008
0.6301833333332978,0.6625833333314706,0.509734912
