NVMe_total_util,CPU,Memory_used
0.74082994,0.77727264,0.51364493
0.7882718,0.82744515,0.5138165
0.77618074,0.8108454,0.5126875
0.3306684,0.3952682,0.5070584
0.83407366,0.8791623,0.51494265
0.73605174,0.7731684,0.5087527
0.76021576,0.8013554,0.512448
0.7205742,0.76170695,0.51224947
