NVMe_total_util,CPU,Memory_used
0.3360166666665464,0.3848333333347303,0.505450496
0.7117645094504179,0.7466272624029422,0.509095936
0.7305916666666842,0.7631666666672875,0.509202432
0.5837333333332935,0.6388333333345748,0.50929664
0.8219537143587177,0.8677438946422567,0.50929664
0.7257750000000063,0.7639166666738069,0.508854272
0.7537845876219028,0.786793209465765,0.5101854720000001
0.7197257806245813,0.7951694689118779,0.50925568
