NVMe_total_util,CPU,Memory_used
0.4927147,0.5577694,0.49738356
0.759449,0.81466824,0.5101808
0.7705716,0.8137829,0.5089489
0.7207133,0.76939255,0.50925463
0.79884917,0.8472689,0.51027805
0.75197065,0.80246866,0.51375055
0.78978914,0.8414606,0.5143728
0.76918757,0.8160998,0.5121222
