NVMe_total_util,CPU,Memory_used
0.6887000000000021,0.7310000000017075,0.509059072
0.7340249999999893,0.7645833333333333,0.509698048
0.6658000000001266,0.7228333333293754,0.507854848
0.3322861809212147,0.3837910805950149,0.502444032
0.6775499999999132,0.7215833333320916,0.5085839360000001
0.7949666666666719,0.8488333333341871,0.510078976
0.839983333333354,0.8815000000002328,0.508420096
0.68631666666685,0.7119166666680637,0.5085839360000001
