NVMe_total_util,CPU,Memory_used
0.75217974,0.7917479,0.5100506
0.7441734,0.7868064,0.5077185
0.75760555,0.7961788,0.5055807
0.4740251,0.53199655,0.5041256
0.710742,0.7516468,0.50561535
0.78923345,0.829509,0.511519
0.7459916,0.7836746,0.506732
0.7094357,0.75273687,0.4967778
