NVMe_total_util,CPU,Memory_used
0.7163031,0.7606779,0.50670564
0.7394729,0.7842251,0.50956005
0.7142543,0.75664645,0.50447536
0.27615768,0.35384583,0.51031464
0.73403835,0.7778812,0.50961316
0.7595917,0.8069088,0.5116033
0.73161906,0.77777356,0.50846946
0.6961174,0.7368191,0.50392044
