NVMe_total_util,CPU,Memory_used
0.7857499999999465,0.8202500000033371,0.508346368
0.7756522990342467,0.8091865447346127,0.507953152
0.7641916666667384,0.8031666666657356,0.50774016
0.3482833333332867,0.8819166666672876,0.501788672
0.8051879874675091,0.8386774215043794,0.5054791679999999
0.6903249999999995,0.7271666666648041,0.506699776
0.8395440303979766,0.8866742217216563,0.509968384
0.7372074804986605,0.7776518434548332,0.5054791679999999
