NVMe_total_util,CPU,Memory_used
0.7702210778656744,0.8552783450256989,0.505606144
0.8394999999999827,0.8779166666655025,0.503504896
0.7493666666667198,0.8111666666634847,0.504127488
0.274225323894678,0.3390209696813243,0.496713728
0.6154249999999593,0.6651666666672099,0.5043937279999999
0.7507750000000064,0.7880833333319366,0.506216448
0.7320071338089742,0.7869024601634677,0.506585088
0.7266166666666929,0.7664999999998447,0.50321408
0.6431154589693726,0.6767715485650591,0.503504896
