NVMe_total_util,CPU,Memory_used
0.7093278,0.75799865,0.5004317
0.73298395,0.78112185,0.502135
0.71264595,0.7598863,0.5027986
0.34659266,0.41434082,0.5028524
0.72422683,0.7750102,0.5027247
0.7398629,0.7895319,0.5017161
0.7656715,0.8150297,0.5015722
0.73938704,0.78883326,0.50202936
0.68580174,0.7381948,0.5049801
