NVMe_total_util,CPU,Memory_used
0.66124064,0.7121598,0.5176805
0.86271197,0.90391606,0.520233
0.7932871,0.8401645,0.5227108
0.78125244,0.82344365,0.52003187
0.85019,0.8892871,0.5218142
0.8092872,0.8530557,0.52330446
0.8328686,0.87739146,0.52180374
0.26498705,0.3347977,0.48948675
