NVMe_total_util,CPU,Memory_used
0.5858416666666623,0.6169166666688397,0.518656
0.8941903873075084,0.9290047330157036,0.519340032
0.7446503566429022,0.8046796880193242,0.520101888
0.7761767451163732,0.8057370491342032,0.51861504
0.7612333333333632,0.8225833333349631,0.519831552
0.8155357619428728,0.8560515078748292,0.51908608
0.8176000000000085,0.8607500000022507,0.518090752
0.3512499999999818,0.4094166666696159,0.518606848
