NVMe_total_util,CPU,Memory_used
0.8922333333333275,0.9259166666675204,0.519344128
0.6758216118925504,0.7384341043938941,0.518578176
0.6839544030398119,0.7265182321211959,0.519606272
0.7636907539497322,0.799263382438532,0.52066304
0.7245249999999941,0.7805833333346528,0.519094272
0.5435531659897858,0.608828816832013,0.522174464
0.7534416666666706,0.7991666666658905,0.5213306879999999
0.7943862924194921,0.8240716047747381,0.52066304
