NVMe_total_util,CPU,Memory_used
0.72869986,0.7754945,0.52318764
0.714989,0.75919676,0.5197553
0.8012251,0.83790636,0.5176561
0.79345554,0.83028877,0.5190371
0.72888917,0.771033,0.52199984
0.81512505,0.8551702,0.5181923
0.7563083,0.79917145,0.51970005
0.8534149,0.88999414,0.52198493
