NVMe_total_util,CPU,Memory_used
0.8312583222370022,0.8672603195723514,0.519573504
0.7579166666666728,0.8031666666657356,0.520982528
0.6593209054594039,0.7098035952035238,0.522829824
0.7485749999999826,0.7812499999980598,0.520409088
0.5172626181914786,0.5566986283087381,0.521519104
0.7811854123608153,0.809903993601048,0.5215723520000001
0.6875458302779547,0.727934804347153,0.521211904
0.8615008999400396,0.9042563829078838,0.521519104
