NVMe_total_util,CPU,Memory_used
0.7618599,0.8076438,0.52324426
0.6884459,0.7368856,0.5227387
0.77963006,0.8262692,0.5214145
0.7221812,0.77057165,0.52155447
0.6153229,0.67211837,0.52823573
0.70221657,0.7492396,0.51334506
0.66509247,0.7165493,0.519178
0.87269366,0.9108205,0.52636003
