NVMe_total_util,CPU,Memory_used
0.6252666844466154,0.6884792319574895,0.5684183039999999
0.7344666666676252,0.7684999999823049,0.567484416
0.7321416666658478,0.7645833333255725,0.566841344
0.314212385840812,0.387874141731956,0.561475584
0.819183333334513,0.8510833333324019,0.5692416
0.594322954863281,0.6322254817074731,0.567873536
0.8173628241881977,0.8578238549193151,0.568348672
0.7053333333319945,0.7482499999925497,0.569126912
0.73019166666636,0.8070000000065191,0.567484416
