NVMe_total_util,CPU,Memory_used
0.7195469,0.7722389,0.5732247
0.6924785,0.74649394,0.56990904
0.68266463,0.73902,0.5702632
0.28292704,0.37436283,0.56162024
0.7570019,0.79886353,0.5759877
0.7064981,0.76185495,0.5707597
0.6999756,0.748195,0.5663501
0.68256694,0.7366497,0.5698391
0.74248785,0.79067904,0.57548964
