NVMe_total_util,CPU,Memory_used
0.77876407,0.8210803,0.56766135
0.7872329,0.8322873,0.5689162
0.72190017,0.7663455,0.5620828
0.31939325,0.40422836,0.5665409
0.7297695,0.7782315,0.57226264
0.6265021,0.6846206,0.572305
0.7868303,0.83118296,0.56849056
0.85193515,0.8919604,0.577464
