NVMe_total_util,CPU,Memory_used
0.7216897793191802,0.7767351156585447,0.57008128
0.8145916666660922,0.8695833333147069,0.56797184
0.7553916666666435,0.7953333333445093,0.56803328
0.34379377042599313,0.3906322950722755,0.56010752
0.6450749999998758,0.6765000000207995,0.568090624
0.6589189279290331,0.6991466097770895,0.567595008
0.799991666666271,0.8355000000136596,0.56686592
0.8838499999993171,0.9282499999894454,0.568090624
