NVMe_total_util,CPU,Memory_used
0.8721247,0.9108324,0.580195
0.72587705,0.779759,0.5693536
0.8156774,0.8587928,0.57749885
0.3170878,0.3982625,0.5618758
0.85576427,0.8960851,0.59086615
0.7872161,0.83599323,0.5727684
0.6995456,0.74854416,0.56510204
0.70343226,0.75994724,0.5715964
