NVMe_total_util,CPU,Memory_used
0.9063000000014048,0.9443333333435778,0.570138624
0.7297930137991266,0.7763482434516784,0.5717483520000001
0.8397416666659409,0.8902499999928599,0.57196544
0.3059583333330617,0.3616666666542491,0.564727808
0.8379358042802696,0.8780914605624661,0.569458688
0.8616824454950663,0.9152443496316908,0.571850752
0.6911333333327396,0.8474999999937914,0.57094144
0.6643192879519519,0.7153143543045671,0.569458688
