NVMe_total_util,CPU,Memory_used
0.7767604,0.81794256,0.5675994
0.7340794,0.77846813,0.56792545
0.6951633,0.74046123,0.5676521
0.31450605,0.3929505,0.57848847
0.7188549,0.76131576,0.5693701
0.77556616,0.81526786,0.5683434
0.7123653,0.76423234,0.5703664
0.74129325,0.78168386,0.56799096
