NVMe_total_util,CPU,Memory_used
0.7975865057663062,0.8309887325722373,0.571449344
0.599539969330823,0.6373924928269566,0.5716418560000001
0.5885666666663989,0.6495000000034148,0.57059328
0.33405272981831485,0.39195720283979496,0.5669888000000001
0.611257417161307,0.6579771984795882,0.5725880320000001
0.7543752916863571,0.7869024601615273,0.5719572479999999
0.5927271515230922,0.6511899206769219,0.5713018879999999
0.8673749999987194,0.9337499999906868,0.5725880320000001
