NVMe_total_util,CPU,Memory_used
0.7747816812206116,0.8676754883249929,0.57161728
0.7694666666667522,0.8069166666672876,0.573837312
0.8038666666659993,0.840750000004967,0.570155008
0.3374474965000849,0.4010434028925949,0.56446976
0.7394750000001902,0.7697499999854093,0.573734912
0.7204980332019535,0.7499833322221482,0.5744967679999999
0.624191666667078,0.6845833333286768,0.5712117760000001
0.6653807947022026,0.7136589403985848,0.573734912
0.712133333333865,0.7677500000068297,0.5726986239999999
