NVMe_total_util,CPU,Memory_used
0.6316835,0.6981468,0.5799409
0.73056024,0.7881446,0.5773783
0.722851,0.7826668,0.5776582
0.34152013,0.43411377,0.56974447
0.7097923,0.7686158,0.5763479
0.7136213,0.77348906,0.57680583
0.6486159,0.7157945,0.58563375
0.7926358,0.84667224,0.5771152
0.70074135,0.76092833,0.57426536
