NVMe_total_util,CPU,Memory_used
0.6557250000002871,0.7432499999956538,0.570707968
0.6528250000003026,0.6967499999950331,0.571695104
0.6978034797672741,0.7729318045386031,0.574353408
0.21733333333298407,0.3051666666675981,0.569274368
0.6859999999986031,0.73375000001397,0.57499648
0.6936379091932167,0.7401493433075593,0.572755968
0.7155440757658902,0.7847539572079997,0.573026304
0.7478248549908798,0.7922361490790886,0.5732270079999999
0.8253249999999146,0.8736666666731859,0.571695104
