NVMe_total_util,CPU,Memory_used
0.7410079,0.7895468,0.5661645
0.7214808,0.76792747,0.5649531
0.724745,0.7702438,0.56584847
0.42363083,0.512537,0.5782121
0.6770824,0.7212984,0.56875664
0.70074004,0.7485625,0.55814666
0.6992418,0.7564215,0.55652285
0.73087996,0.7733335,0.56684065
0.7158992,0.76161414,0.56326145
