NVMe_total_util,CPU,Memory_used
0.7308204,0.7801907,0.5730386
0.7183187,0.7777976,0.57135755
0.72963,0.78235334,0.5724385
0.48543158,0.55503917,0.5699815
0.6923586,0.7454506,0.5670574
0.72043455,0.7769789,0.5737805
0.7405937,0.79102075,0.57511234
0.7255218,0.77814853,0.5735181
0.7166079,0.7714343,0.5737668
