NVMe_total_util,CPU,Memory_used
0.7369500000000699,0.768749999992239,0.573218816
0.6084427704827866,0.6690220651978266,0.573857792
0.6769333333329995,0.7384166666616997,0.5743083520000001
0.3114333333336011,0.3990833333383004,0.56502272
0.7046969797992975,0.7560670711340398,0.574816256
0.7509416666677377,0.8092500000105547,0.57126912
0.7612000000013115,0.8148333333355067,0.5743083520000001
0.7823333333333722,0.8281666666657354,0.572014592
0.7586172411488511,0.8092372824960546,0.571502592
