NVMe_total_util,CPU,Memory_used
0.6852709819351239,0.7351009932668051,0.572841984
0.7447836810884513,0.7866808879516687,0.5723136
0.7521750000004734,0.7829999999996897,0.571117568
0.33606092927151776,0.4023731751238315,0.5646458879999999
0.7149499999999535,0.8615833333227785,0.573259776
0.7229231948791346,0.7606507100572716,0.571117568
0.8246499999998681,0.8753333333181217,0.572841984
0.7208750000000389,0.8707500000018626,0.572882944
0.6580500000010943,0.7019999999941016,0.5723136
