NVMe_total_util,CPU,Memory_used
0.68530965,0.7369702,0.56831896
0.7071269,0.7544627,0.5716419
0.7168302,0.7616538,0.57300013
0.3470154,0.47803065,0.5845506
0.6842404,0.74213636,0.57997173
0.70795876,0.75254595,0.5689386
0.7000032,0.7465042,0.56962776
0.6827074,0.7389363,0.5727749
0.71411484,0.7570931,0.5704368
