NVMe_total_util,CPU,Memory_used
0.68864334,0.77610147,0.5384778
0.7731347,0.84397674,0.54515624
0.71285707,0.7933396,0.53790843
0.7420674,0.81181264,0.5413292
0.71634436,0.789747,0.5391696
0.7139549,0.7912667,0.53672284
0.7991562,0.86165714,0.5451912
0.6633808,0.75279224,0.5374938
