NVMe_total_util,CPU,Memory_used
0.6879250000001773,0.7764166666660459,0.543494144
0.8881916666667165,0.9295000000022506,0.54265856
0.81855000000002,0.8800833333303064,0.541331456
0.8272058823529231,0.8925625993681187,0.542089216
0.60785719047926,0.6999799986665778,0.543199232
0.6936166666667003,0.7866666666620099,0.5400576
0.8329583333333478,0.8994999999995344,0.543154176
0.6056683813215094,0.7097334491281205,0.543199232
