NVMe_total_util,CPU,Memory_used
0.7386828,0.8282016,0.5447509
0.766971,0.8462634,0.54433155
0.73495513,0.82305115,0.5452646
0.65838665,0.76389575,0.5381577
0.7218748,0.8120849,0.5430212
0.71212333,0.80576557,0.53973085
0.73399496,0.8192462,0.5422693
0.73110735,0.81909245,0.5447619
