NVMe_total_util,CPU,Memory_used
0.8018696723495334,0.8670584709606607,0.543567872
0.8298991450708751,0.8963899278660483,0.542814208
0.7722651823212383,0.8446770215327516,0.5451489279999999
0.7599416666666609,0.8477499999979046,0.543391744
0.6831666666665721,0.7880000000004656,0.5432197120000001
0.6199670021998973,0.7127691487217109,0.540614656
0.7492750000000645,0.8231666666688399,0.5433180160000001
0.7990750000000844,0.8645000000018628,0.5432197120000001
