NVMe_total_util,CPU,Memory_used
0.8143878775754726,0.8804760952164047,0.543076352
0.6076166666667026,0.7018333333311603,0.543940608
0.8319333333333511,0.9017500000035704,0.5421383679999999
0.3387559170612675,0.5093006200442078,0.535232512
0.7360768152695651,0.8119660971719465,0.544260096
0.7899583333333186,0.8556666666680636,0.543727616
0.8162425149699728,0.8652694610762952,0.54134784
0.6133833333334526,0.7156666666637952,0.544260096
