NVMe_total_util,CPU,Memory_used
0.6620089,0.7601038,0.54015285
0.68442553,0.7770122,0.53887016
0.7109264,0.79778934,0.54472756
0.36827978,0.5435883,0.53365433
0.6612983,0.7499056,0.5416591
0.70629203,0.7892077,0.5394721
0.7081752,0.79572797,0.54543775
0.67804873,0.77152455,0.5421782
