NVMe_total_util,CPU,Memory_used
0.7315175,0.8142751,0.54154843
0.7590436,0.8376946,0.53818333
0.7120459,0.8036173,0.5441377
0.71518403,0.79642874,0.5352794
0.7719429,0.8477431,0.5502167
0.7547015,0.83431464,0.5454623
0.7866351,0.8641704,0.5528559
0.73602957,0.8092666,0.5336083
