NVMe_total_util,CPU,Memory_used
0.6859387523377549,0.7607200106873148,0.54177792
0.6776083333333494,0.7572499999989909,0.5417451520000001
0.6295916666666623,0.7204166666662786,0.542851072
0.8064416666666148,0.8740833333305397,0.542851072
0.6072764309088952,0.7089761570838375,0.5400084479999999
0.6522916666666789,0.7385833333343421,0.540581888
0.8958249999999678,0.9452499999994566,0.541134848
0.6863395887404342,0.7714946429742722,0.5400084479999999
