NVMe_total_util,CPU,Memory_used
0.4016232251183585,0.4743683754410162,0.536436736
0.7239850676622015,0.7706819545400894,0.54028288
0.7280485365691095,0.7734015601005915,0.54028288
0.7271042084168449,0.7656980627917847,0.542912512
0.8251783214452237,0.8825078328103699,0.542912512
0.8521666666667443,0.9019999999979822,0.541642752
0.7739500000000891,0.8110833333320141,0.5404180479999999
0.8280179011114932,0.8727290876418565,0.53899264
