NVMe_total_util,CPU,Memory_used
0.43339598,0.49356544,0.54045844
0.75286686,0.80185676,0.55392647
0.7274089,0.7800638,0.54724056
0.71645904,0.77567136,0.55085707
0.72076154,0.7744488,0.54497665
0.7013911,0.75667864,0.5398894
0.7225323,0.7721268,0.54342794
0.7199833,0.77739644,0.5529144
