NVMe_total_util,CPU,Memory_used
0.42478758,0.49867532,0.5330721
0.7041361,0.756284,0.540364
0.726978,0.7694191,0.5353474
0.7620028,0.7986946,0.5438912
0.7486253,0.78418016,0.5378496
0.7202737,0.76917267,0.54337764
0.7261893,0.7716955,0.55287063
0.70704806,0.7579547,0.5427366
