NVMe_total_util,CPU,Memory_used
0.3201630108674018,0.3820421361412453,0.53673984
0.6988499999999477,0.7557500000014747,0.544022528
0.784291666666771,0.8201666666660458,0.543019008
0.6887207519498855,0.7322678488110106,0.54104064
0.6256583772251528,0.6768951263435414,0.54104064
0.6682500000000196,0.7179166666639504,0.556888064
0.825056772642206,0.8697568795115259,0.544075776
0.6720364690979029,0.7123974931622528,0.5438464
