NVMe_total_util,CPU,Memory_used
0.40982902,0.46753052,0.5327291
0.6715645,0.719825,0.52078235
0.74122804,0.7845509,0.5414528
0.7055799,0.76084936,0.5465702
0.66040885,0.71972287,0.53653455
0.6854787,0.73449326,0.52440846
0.7302968,0.7790412,0.5451909
0.71931934,0.7626622,0.53148717
