NVMe_total_util,CPU,Memory_used
0.3361525898272871,0.3905406306274188,0.542216192
0.6160061178348198,0.658697965152541,0.543617024
0.7577863921935397,0.8131934233421603,0.543617024
0.8100999999999959,0.8491666666658907,0.539983872
0.5412833333333158,0.589916666665037,0.542355456
0.5531368757917448,0.5881392092812396,0.5458903039999999
0.7228144989338992,0.756713086356194,0.542076928
0.6645140323979866,0.706519565362542,0.5425643520000001
