NVMe_total_util,CPU,Memory_used
0.3312333333333906,0.3915000000017851,0.533905408
0.6156654220562354,0.6733731164121071,0.542150656
0.6731640677061742,0.7239437558318543,0.537583616
0.789620350036504,0.8301390829826452,0.540205056
0.7811894743873563,0.8200093501651051,0.540205056
0.7010782614493141,0.7615158989410795,0.541696
0.8268666666666226,0.8689999999982926,0.5437480960000001
0.7135406268716502,0.7516969454992655,0.54185984
