NVMe_total_util,CPU,Memory_used
0.35496306,0.42854235,0.54405326
0.70644635,0.7631555,0.54571307
0.7327223,0.7760553,0.53567845
0.77344006,0.81535727,0.5412569
0.7077822,0.7621168,0.53872156
0.73493254,0.7810593,0.53100336
0.7802408,0.8349983,0.56672335
0.71144813,0.7676503,0.54304975
