NVMe_total_util,CPU,Memory_used
0.2999138,0.37445527,0.526069
0.65906316,0.7197513,0.5442062
0.76967233,0.8068491,0.53499895
0.7698595,0.80825883,0.5380346
0.754011,0.7977126,0.53714836
0.65933055,0.71901894,0.54291356
0.664972,0.726762,0.55434465
0.6396326,0.7064424,0.5502498
