NVMe_total_util,CPU,Memory_used
0.2959469368707812,0.3580427971465465,0.53274624
0.5391284129408739,0.5858798910526231,0.543043584
0.7623937913964246,0.8026359804635285,0.545296384
0.7325166666666215,0.7788333333310827,0.542232576
0.7549753316887821,0.8003200213350661,0.5418229760000001
0.53313112459166,0.5801113259105195,0.5425684479999999
0.5194499999999,0.5704166666662785,0.545886208
0.5700572303186289,0.6394822652571123,0.5396848639999999
