NVMe_total_util,CPU,Memory_used
0.48112535,0.5431949,0.55097085
0.7335094,0.77153105,0.54179907
0.7768604,0.8147511,0.54927355
0.75314033,0.7919702,0.5421549
0.6813352,0.73678124,0.55296767
0.7077889,0.745759,0.5415959
0.7162247,0.7512813,0.5404593
0.7042881,0.7386376,0.5402028
