NVMe_total_util,CPU,Memory_used
0.31867042197176576,0.39129058062757016,0.540704768
0.682221705013969,0.7592764995328869,0.544784384
0.79868166020575,0.8395936372166103,0.546902016
0.82710093818626,0.8595215915904454,0.542093312
0.6611389445557164,0.6945557782244349,0.542093312
0.7606916666665711,0.8195000000006984,0.54153216
0.7277250000000399,0.7730833333354286,0.544579584
0.6379500000000311,0.6795000000003104,0.54468608
