NVMe_total_util,CPU,Memory_used
0.5791597059806177,0.6326428332758586,0.546770944
0.7648093206213196,0.8054870324720136,0.545288192
0.7257166666666309,0.7794166666649592,0.54390784
0.25289185945724624,0.33578905260389497,0.537554944
0.793362775217532,0.8369495647730395,0.54382592
0.5983562920077253,0.6696779130881448,0.544292864
0.827049999999872,0.8680833333327125,0.543891456
0.7239507204009709,0.7835317045977422,0.547057664
