NVMe_total_util,CPU,Memory_used
0.66194916,0.7285859,0.55249506
0.76986814,0.8148548,0.5399029
0.6696821,0.7391666,0.5514435
0.38171577,0.45814502,0.52670914
0.8009478,0.84952235,0.5537264
0.7012685,0.7644866,0.55252624
0.7321519,0.78153396,0.5403974
0.6684024,0.7330361,0.55087596
