NVMe_total_util,CPU,Memory_used
0.7122899,0.75941664,0.54651105
0.73249424,0.7779762,0.5510963
0.7470679,0.78807455,0.5456306
0.349655,0.42538992,0.5382097
0.7276945,0.77592254,0.5444498
0.70817804,0.75106674,0.5421885
0.7442751,0.7931178,0.55072343
0.7657795,0.81221235,0.553658
0.6759943,0.71846455,0.54258627
