NVMe_total_util,CPU,Memory_used
0.7404750000000302,0.7920000000022507,0.547147776
0.6993333333333187,0.7367499999973616,0.546799616
0.7125558370558359,0.7537335822364876,0.54423552
0.2677821478567373,0.3498766748843053,0.53772288
0.7048833333333577,0.7390833333348079,0.545284096
0.7333166666666027,0.7785833333366703,0.54423552
0.7395416666667489,0.8098333333366708,0.54849536
0.7509333333334023,0.8115833333324796,0.547852288
0.6457069528697917,0.6896040263963,0.545656832
