NVMe_total_util,CPU,Memory_used
0.6547997,0.69273007,0.5406652
0.783471,0.8172498,0.5451302
0.6814046,0.7216265,0.5497954
0.51547015,0.6010488,0.5495956
0.8080934,0.8472936,0.5525776
0.6535728,0.6872785,0.53693265
0.5895941,0.6425466,0.5489012
0.7184362,0.75924534,0.5558827
0.7146871,0.7546963,0.5508986
