NVMe_total_util,CPU,Memory_used
0.7695101182126858,0.8331997595654328,0.5457633279999999
0.7589541308834091,0.8103488449481553,0.5450752
0.781441666666736,0.8195000000026389,0.54689792
0.3087499999999637,0.3661666666681413,0.535359488
0.7238434104392906,0.7604326378241449,0.543977472
0.6960000731582114,0.7446777379499904,0.54697984
0.5223520976455548,0.5740512239018488,0.547749888
0.6938045869724967,0.7496499766648006,0.543977472
0.7006528417819016,0.7473786148380239,0.5450752
