NVMe_total_util,CPU,Memory_used
0.7682421641045778,0.8166633393261161,0.546598912
0.6769666666667037,0.7347500000032596,0.545984512
0.7805583333334046,0.8501666666648817,0.5439733760000001
0.2847750000000815,0.3723333333386109,0.536969216
0.8144432212437736,0.8582199092626835,0.547377152
0.6642833333332722,0.7213333333318588,0.545529856
0.6814939187384161,0.7435511895238521,0.547647488
0.5630624625025007,0.6214419038755584,0.547028992
