NVMe_total_util,CPU,Memory_used
0.7204303,0.76023823,0.5481062
0.7458597,0.7859613,0.5493447
0.706063,0.74946856,0.5495778
0.42923242,0.515394,0.5392328
0.6917537,0.73726887,0.53900456
0.72031933,0.7623708,0.5415153
0.66393954,0.71458757,0.5463021
0.6621994,0.7187336,0.55113137
