NVMe_total_util,CPU,Memory_used
0.3709157423492007,0.4389783509293941,0.54810624
0.7877771489445965,0.9754477661651856,0.543719424
0.6322091315666528,0.6844336159110039,0.543719424
0.6990999999999379,0.7449166666638728,0.5395742720000001
0.8369102282556901,0.8751414121228279,0.547418112
0.677068723702656,0.71966205836917,0.5471109120000001
0.6437333333334511,0.6908333333325569,0.543625216
0.7689303084814962,0.8088646811955514,0.5441699839999999
