NVMe_total_util,CPU,Memory_used
0.44707,0.50878763,0.5350336
0.6958147,0.74706525,0.54464227
0.6575033,0.7132777,0.55104434
0.7260987,0.76727676,0.55043465
0.7545535,0.7965981,0.5507555
0.71245354,0.76330364,0.5479507
0.7080445,0.75210047,0.54713976
0.73021084,0.77825123,0.5468617
