NVMe_total_util,CPU,Memory_used
0.7160999999999453,0.7690000000002329,0.548634624
0.6751416666667259,0.7248333333351185,0.5483642879999999
0.6377185081398161,0.7000100080066382,0.540872704
0.3527416666667098,0.411333333332247,0.538615808
0.6244261095215385,0.6669771774546704,0.548458496
0.7187396131092013,0.7562819916214574,0.54611968
0.7034499999999146,0.7642500000016296,0.548646912
0.727297775699777,0.7738961993180608,0.545697792
