NVMe_total_util,CPU,Memory_used
0.7199104,0.7746736,0.5500202
0.71606946,0.7712502,0.5456079
0.68906426,0.7511211,0.55096006
0.34971035,0.42325228,0.53661275
0.7024151,0.7464809,0.55032814
0.71540195,0.76682097,0.54769754
0.69250894,0.7517461,0.5458338
0.72729224,0.772865,0.5479343
