NVMe_total_util,CPU,Memory_used
0.6855469,0.7341766,0.5345415
0.7046447,0.74853295,0.5333029
0.78774536,0.8292776,0.54537594
0.28952774,0.3605284,0.5245171
0.681936,0.7233421,0.53457165
0.6371845,0.6738525,0.5249612
0.6845945,0.72966987,0.5302273
0.6205143,0.6636379,0.5263243
0.78252006,0.8231123,0.5392209
