NVMe_total_util,CPU,Memory_used
0.6872625158322692,0.7413505766279146,0.5328240639999999
0.669208333333366,0.7085833333335659,0.5288837120000001
0.7208166666666935,0.7797500000044237,0.532996096
0.3520808303297335,0.40778934721681537,0.522039296
0.6842666666666748,0.7247499999997672,0.532688896
0.598039869324578,0.6395593039516565,0.533045248
0.6849793347109697,0.7151023265081513,0.530833408
0.722375000000011,0.7627500000002327,0.532688896
0.8376725115007602,0.8737415827710207,0.5288837120000001
