NVMe_total_util,CPU,Memory_used
0.3277781481234832,0.4030397973438168,0.527097856
0.8191083333333152,0.8641666666682188,0.532443136
0.6474132765164468,0.6849823556839645,0.532615168
0.6304166666667089,0.6793333333296079,0.530415616
0.8044833333333069,0.8384166666714008,0.530415616
0.7646563791493917,0.8090254632702445,0.531468288
0.6350666666666863,0.6990833333344197,0.5329387520000001
0.6915999999999864,0.7342500000008537,0.5317632
