NVMe_total_util,CPU,Memory_used
0.51395243,0.58166414,0.5241308
0.7557088,0.8030545,0.51968026
0.7053417,0.75838166,0.5249606
0.70033175,0.73314804,0.5128958
0.74386764,0.7802173,0.5189533
0.6670141,0.7182543,0.5278771
0.7107718,0.7541282,0.5242275
0.72586334,0.77346265,0.5233358
