NVMe_total_util,CPU,Memory_used
0.6804916666666032,0.7321666666675203,0.531587072
0.7229009920766741,0.7672947599748895,0.535023616
0.7135818908122705,0.7584054593872506,0.53577728
0.29615307687179193,0.3609573971545328,0.524500992
0.7868916666666943,0.8330000000016295,0.533864448
0.5961551264980179,0.6530459387488006,0.532201472
0.7220231348756485,0.7504833655562292,0.53194752
0.5991583333333134,0.6466666666674428,0.533864448
