NVMe_total_util,CPU,Memory_used
0.7344233,0.7725625,0.5329403
0.7205935,0.7573548,0.53411394
0.73998976,0.78111726,0.5346295
0.4610319,0.5305645,0.53618205
0.7151845,0.7480363,0.53651106
0.7192213,0.76263374,0.5362098
0.7198802,0.7645607,0.53981316
0.7035142,0.7438583,0.53796256
