NVMe_total_util,CPU,Memory_used
0.7163499999999959,0.7497499999958865,0.53495808
0.7849249999999908,0.8285833333386108,0.533549056
0.5834027731484788,0.6570228651391421,0.53336064
0.4714519032064641,0.6140257316134687,0.523046912
0.641241666666671,0.6889166666641056,0.5333483520000001
0.673866666666648,0.7136666666696935,0.533520384
0.5721083333333505,0.6102499999998447,0.533614592
0.7235103195738554,0.7626498002680941,0.5333483520000001
