NVMe_total_util,CPU,Memory_used
0.667721,0.71845174,0.53315085
0.6966015,0.74230933,0.5332806
0.6821417,0.73199594,0.52942866
0.24879223,0.33845583,0.5091097
0.73390204,0.7722918,0.5371908
0.7184444,0.7623602,0.5355166
0.70812964,0.7542293,0.52896404
0.74197894,0.7810199,0.5360803
