NVMe_total_util,CPU,Memory_used
0.8147833333332831,0.8488333333303065,0.534515712
0.6001115031287342,0.6393622686757908,0.536940544
0.8234666666666575,0.8739166666637175,0.535445504
0.3182090545938511,0.3782456724409364,0.524849152
0.5769063835469965,0.6066205929496508,0.536735744
0.7834698089341373,0.8256607416229619,0.5364695039999999
0.6558603906927154,0.7073971598078598,0.535728128
0.6764833333333325,0.7204166666662786,0.536735744
