NVMe_total_util,CPU,Memory_used
0.7634603,0.804603,0.5402883
0.6211244,0.6744894,0.5358091
0.760367,0.8008023,0.536042
0.5346595,0.5964168,0.52411723
0.6829976,0.7291387,0.54021853
0.75563335,0.79679304,0.5401251
0.7341846,0.7741947,0.53158045
0.72194797,0.76581556,0.54147243
