NVMe_total_util,CPU,Memory_used
0.6091927204852418,0.661689220721723,0.537772032
0.644941666666667,0.6841666666635621,0.5382144
0.6438095873057933,0.7075638375884742,0.536891392
0.3535286284953662,0.4031291611187412,0.5259509760000001
0.7319478660363817,0.7715393834460827,0.53528576
0.5492833333333086,0.5910000000013194,0.536875008
0.6011515898939771,0.6574395040302707,0.535560192
0.6848674988318074,0.7326613710697112,0.53528576
