NVMe_total_util,CPU,Memory_used
0.6982599,0.7421005,0.5336292
0.70619917,0.75019354,0.5406172
0.7173834,0.7609503,0.53306925
0.44074818,0.49740857,0.52870303
0.7250807,0.7662685,0.54286075
0.66122043,0.70270824,0.5383382
0.7356573,0.7776432,0.54416627
0.7035414,0.746108,0.5391974
