NVMe_total_util,CPU,Memory_used
0.27114166666772993,0.35891666666915023,0.573710336
0.6579771984798172,0.7068971264679578,0.579526656
0.8269365375641741,0.8863409106087534,0.5792645120000001
0.6197746516430973,0.6690612707439323,0.580726784
0.6494416666668258,0.6909166666756695,0.579915776
0.5628666666666202,0.6035000000149011,0.5767536639999999
0.6543833333339231,0.7005000000043462,0.578727936
0.507599999999123,0.5523333333432674,0.579936256
