NVMe_total_util,CPU,Memory_used
0.45183972,0.5282635,0.5814645
0.7265944,0.7702978,0.5789839
0.71163434,0.75733495,0.58051467
0.76020837,0.8024621,0.57912374
0.73951274,0.7852469,0.5824647
0.72733635,0.772465,0.5773157
0.7424001,0.78496224,0.57921827
0.73792315,0.781707,0.5806389
