NVMe_total_util,CPU,Memory_used
0.7618158789413961,0.7935137657390166,0.578244608
0.7282181187915334,0.767682154523963,0.580079616
0.8106040402688934,0.8529068604697823,0.57952256
0.31618725418311266,0.3797913472460004,0.568803328
0.5241583333331316,0.5729166666744276,0.579485696
0.7372824854994641,0.7883192212860757,0.578260992
0.7386666666672681,0.789166666660458,0.57952256
0.8084083333339853,0.8529999999950328,0.579485696
0.7875191679448865,0.8870758050552225,0.580079616
