NVMe_total_util,CPU,Memory_used
0.7787442,0.8272674,0.5778496
0.73052186,0.77728117,0.5789669
0.74594885,0.7950327,0.5792068
0.3647272,0.42008677,0.5649142
0.7276038,0.7690857,0.5862043
0.72036225,0.76808673,0.58148324
0.75010216,0.8015053,0.57667416
0.7624651,0.8084296,0.57656395
0.7476088,0.79686546,0.5761479
