NVMe_total_util,CPU,Memory_used
0.7144892992861961,0.7624008267314057,0.580296704
0.6439012600847857,0.6937295819721313,0.578760704
0.7489915994396559,0.7917361157314251,0.57960448
0.3187750000002173,0.3805833333404734,0.571080704
0.6861912751672502,0.7312080536831496,0.582995968
0.5993933737753302,0.6599393373731622,0.57960448
0.6388740750615267,0.7012699153420816,0.581832704
0.7140357309517744,0.766765548977061,0.582995968
0.7861642557159637,0.8284281048097766,0.578760704
