NVMe_total_util,CPU,Memory_used
0.71594775,0.75913286,0.58372647
0.6890187,0.730842,0.5832844
0.711796,0.75628537,0.57943064
0.3375055,0.40587586,0.5743159
0.7299288,0.77286655,0.59085387
0.7072497,0.75074035,0.58632344
0.69517195,0.7403029,0.5822523
0.7093144,0.7489454,0.5830791
0.7166768,0.75951314,0.5772638
