NVMe_total_util,CPU,Memory_used
0.7167456,0.7783432,0.58481205
0.6958026,0.7541474,0.5786904
0.69613516,0.75707567,0.57711804
0.3242552,0.51006466,0.5913949
0.69638646,0.76662064,0.57779765
0.6966856,0.76102257,0.5859817
0.6835677,0.7449837,0.57829386
0.6752431,0.73854816,0.58084536
0.6975246,0.75454926,0.5791887
