NVMe_total_util,CPU,Memory_used
0.6649750000001707,0.7120833333348857,0.5820334079999999
0.7581672111463347,0.8001533435447501,0.580268032
0.7132941137264385,0.7424338377196271,0.580931584
0.29181666666700035,0.5068333333435779,0.578605056
0.7134810662153526,0.800415168180071,0.582340608
0.5657749999993635,0.6693333333435779,0.583471104
0.5917977865186045,0.6446429762012075,0.580931584
0.4892387090953486,0.6395249256367506,0.582340608
0.6159422705158266,0.6520231984475385,0.580268032
