NVMe_total_util,CPU,Memory_used
0.77074385,0.82230943,0.5786162
0.84487045,0.89201474,0.5742753
0.68861353,0.74432856,0.5867194
0.16104698,0.2559835,0.5535261
0.8191378,0.8706962,0.5813681
0.7141104,0.76642,0.5790868
0.74089587,0.79045933,0.57614774
0.6699637,0.72423184,0.58644885
0.80755913,0.8577793,0.58136374
