NVMe_total_util,CPU,Memory_used
0.6858916666664298,0.7324999999798214,0.580333568
0.7942470501965837,0.8285114325705412,0.579784704
0.6122408160547063,0.6450596706459516,0.578895872
0.3109292713825016,0.3773748416716339,0.579526656
0.7595326978203394,0.8035964269023896,0.5825576960000001
0.7333101529896128,0.7926187164882516,0.578953216
0.6327833333334033,0.687750000002173,0.578895872
0.7013967597835936,0.7446496433201097,0.5808291839999999
0.6716531102068077,0.7165644376232766,0.579166208
