NVMe_total_util,CPU,Memory_used
0.7092864,0.7604444,0.5787813
0.67297804,0.7225963,0.57886195
0.7423152,0.7898936,0.57948667
0.32502413,0.39794117,0.5762498
0.69859743,0.7480205,0.5884377
0.6679413,0.72237515,0.5837456
0.75085366,0.80065465,0.5835349
0.681145,0.73063743,0.57876456
0.70735145,0.7581105,0.585579
