NVMe_total_util,CPU,Memory_used
0.8027333333331625,0.8469166666812573,0.5801943039999999
0.7611250000006596,0.8149999999984477,0.580681728
0.7548919927995665,0.8063204213750844,0.580337664
0.2313179121387833,0.31879541363909075,0.570114048
0.7284833333338611,0.7709166666570431,0.581435392
0.763916666666046,0.8113333333361272,0.58269696
0.6306829544699892,0.6963535764170632,0.580337664
0.6412717456503304,0.6918116376861222,0.581435392
0.6928666666669111,0.7558333333426467,0.580681728
