NVMe_total_util,CPU,Memory_used
0.72533435,0.7712335,0.5852183
0.7132076,0.7568647,0.57974005
0.61073744,0.6665149,0.5851964
0.33688062,0.40939623,0.58923835
0.67930865,0.7221079,0.5842065
0.72170514,0.7652075,0.5855855
0.74108684,0.7857211,0.58349127
0.6970707,0.7426995,0.5819077
0.65452737,0.70324475,0.58478135
