NVMe_total_util,CPU,Memory_used
0.6949786680887204,0.7425171655347154,0.583888896
0.7747733484428861,0.8089294047088363,0.584966144
0.6058333333324603,0.6385000000009315,0.585752576
0.33927500000039185,0.3918333333296081,0.571949056
0.6668249999997594,0.7192500000121071,0.584306688
0.7299903326883066,0.7702346823096703,0.585326592
0.7806646223588856,0.8293447103489184,0.583569408
0.6767750000003919,0.7175833333361272,0.584306688
0.656193746249851,0.6998966597791811,0.584966144
