NVMe_total_util,CPU,Memory_used
0.8375166666664882,0.875000000007761,0.584802304
0.7539325331875506,0.8108747044955367,0.58083328
0.6720166666675746,0.7134166666461773,0.5833031679999999
0.32035833333259994,0.38683333334047343,0.5758074879999999
0.6459499999997206,0.6895000000018626,0.584548352
0.6984583333323827,0.7328333333367485,0.582803456
0.6552416666658246,0.7479166666744277,0.5833031679999999
0.778483333333376,0.8178333333227783,0.583458816
0.5664544302965754,0.6208080538624966,0.5812797439999999
