NVMe_total_util,CPU,Memory_used
0.6939432,0.7391735,0.5823346
0.65311295,0.69821465,0.581248
0.6852345,0.7306578,0.5840454
0.45945293,0.5038777,0.57727635
0.73889154,0.77832663,0.5857798
0.68961984,0.73934835,0.5816493
0.72251344,0.76697665,0.58486575
0.6931087,0.7344138,0.58384365
0.728367,0.7720961,0.58802724
