NVMe_total_util,CPU,Memory_used
0.531845119190677,0.5918231455661046,0.58701824
0.7319916666664843,0.7705000000074506,0.585121792
0.480533333333733,0.5390000000207995,0.583581696
0.33032500000020565,0.3888333333345751,0.574234624
0.6585227651489164,0.689437370830148,0.58728448
0.7113724248278096,0.7623174878284862,0.585519104
0.8091000000005198,0.848916666652076,0.583581696
0.6380833333333916,0.6816666666573533,0.582868992
0.6810129324722509,0.7096026931568941,0.585121792
