NVMe_total_util,CPU,Memory_used
0.69588053,0.73964125,0.58456564
0.7827498,0.826217,0.59126574
0.6368612,0.6824943,0.58648646
0.34709638,0.40752777,0.5740652
0.7195203,0.75845593,0.591708
0.69857574,0.74638724,0.58476555
0.8462169,0.88925236,0.58600307
0.68254936,0.7221129,0.5926472
0.6454448,0.69481075,0.5860574
