NVMe_total_util,CPU,Memory_used
0.6570027,0.7054953,0.58579767
0.6949062,0.7351998,0.58916277
0.6424243,0.69495225,0.58401185
0.48577592,0.54833174,0.5748776
0.7147598,0.753677,0.5859984
0.6358083,0.68676984,0.5808307
0.6479346,0.69531775,0.5830416
0.68992054,0.7293732,0.5889408
0.63178885,0.68247926,0.5767398
