NVMe_total_util,CPU,Memory_used
0.5904773015134226,0.6279414705655246,0.58380288
0.73610092660577,0.7895973601915093,0.583241728
0.6055820388014419,0.6373924928347183,0.586866688
0.2712985800943344,0.3967068862122424,0.577982464
0.6615333333339852,0.699749999990066,0.586248192
0.670091666665879,0.7067500000043461,0.582619136
0.6541666666676369,0.7000000000077611,0.586866688
0.7765083333322158,0.8248333333370585,0.585969664
0.7070785624458658,0.7479978820496551,0.586002432
