NVMe_total_util,CPU,Memory_used
0.79768336,0.8514015,0.58401775
0.6892309,0.74016446,0.5931259
0.78952026,0.8383651,0.58713293
0.34255013,0.4166554,0.57973397
0.63029766,0.6838779,0.59654796
0.6843307,0.7378805,0.58955693
0.69702435,0.7492632,0.58635944
0.680727,0.7313353,0.5899112
0.5884135,0.6369983,0.5846958
