NVMe_total_util,CPU,Memory_used
0.8308803920253512,0.8684078938670418,0.585224192
0.7149619949325335,0.7580510734742902,0.588222464
0.7903139790688886,0.8338444103847484,0.58447872
0.2719652023196552,0.3449603359748076,0.576380928
0.5741367242175202,0.6201919872079928,0.587341824
0.6804083333326465,0.7384999999854094,0.584441856
0.6132658843922889,0.69289619306712,0.58447872
0.6592439495975441,0.7171478098505751,0.587341824
0.6220833333340124,0.6707499999863404,0.588673024
