NVMe_total_util,CPU,Memory_used
0.4595723048209617,0.5199679978696291,0.592523264
0.6779131391243882,0.724101726548769,0.59367424
0.5864128623780859,0.6312062645589225,0.592130048
0.318466666667276,0.3773333333355064,0.582283264
0.7293750000001941,0.7816666666573533,0.596430848
0.5836610892606694,0.6531064595780537,0.590135296
0.7431727242415184,0.7820106702513571,0.592130048
0.6472387015064965,0.695623916824439,0.596430848
0.7338072538167347,0.7743182878852383,0.5947392
