NVMe_total_util,CPU,Memory_used
0.66138947,0.7070348,0.60067236
0.7565533,0.80114305,0.59642076
0.73655856,0.7805422,0.59423524
0.41850376,0.49059865,0.58543646
0.7014402,0.7486694,0.60333014
0.6480449,0.6917666,0.59764194
0.6253053,0.67146677,0.5937152
0.71172357,0.75680965,0.5947777
0.6929072,0.7363283,0.59590924
