NVMe_total_util,CPU,Memory_used
0.6278102140788302,0.6770350983155493,0.59234304
0.6963333333333139,0.7380000000121072,0.594808832
0.73713333333338,0.7880000000043461,0.593186816
0.31333755583752537,0.3825421694714456,0.578445312
0.7461419238717847,0.7925138323925475,0.5911306239999999
0.66272248516868,0.7090193987151343,0.594767872
0.5809887325824749,0.6310587372528755,0.593186816
0.647841666666985,0.6763333333345751,0.595247104
0.4853759749341236,0.5423638424033665,0.594808832
