NVMe_total_util,CPU,Memory_used
0.69323075,0.7379733,0.59147096
0.69839966,0.74409384,0.5970369
0.7175899,0.7620091,0.5921958
0.31015912,0.40692008,0.5692282
0.75090736,0.79583234,0.60059893
0.7240768,0.76841754,0.5933627
0.69133055,0.73681873,0.59409
0.6951142,0.7411165,0.5963001
0.6982365,0.74515307,0.5867294
