NVMe_total_util,CPU,Memory_used
0.7663750000002134,0.7917500000136596,0.593072128
0.7014546003629311,0.7516106301718622,0.592236544
0.6637140857272379,0.7449336710858002,0.595914752
0.2828083333336205,0.3702499999975165,0.580325376
0.5656377091813648,0.6312254150354301,0.595365888
0.7387833333326852,0.7754999999810631,0.59367424
0.6855540369362692,0.7278151876701753,0.595914752
0.7079194720357295,0.7459336044167486,0.59455488
0.6516101073402022,0.6958963930832486,0.592236544
