NVMe_total_util,CPU,Memory_used
0.72527534,0.77669513,0.59381884
0.7073003,0.759827,0.5916264
0.6662426,0.7180296,0.5918205
0.32032692,0.38763177,0.5838003
0.63974726,0.68580365,0.5920761
0.7473576,0.8007407,0.5966055
0.705357,0.7570816,0.59467477
0.78264844,0.8334894,0.6021055
0.68734324,0.7401074,0.59197515
