NVMe_total_util,CPU,Memory_used
0.82044774,0.8599949,0.58695114
0.64914316,0.6844747,0.60179967
0.668847,0.6955066,0.59847236
0.53009707,0.7507981,0.58106846
0.6839151,0.73986185,0.5865242
0.7451481,0.77922845,0.5842547
0.6897897,0.7187927,0.59825146
0.77979356,0.8283602,0.5911564
0.7943206,0.844733,0.58604723
