NVMe_total_util,CPU,Memory_used
0.767956338184229,0.8182840795472344,0.593997824
0.4832833333324137,0.5425000000046566,0.59400192
0.707041666666919,0.7563333333392318,0.594223104
0.3359583333328677,0.9667500000214202,0.579887104
0.6489326217474046,0.690376917953995,0.592052224
0.6693029535306119,0.7093972931441839,0.59211776
0.54733333333279,0.5934166666741172,0.595554304
0.7706332533009437,0.8229291716668041,0.592052224
0.7440750000008847,0.7959166666725648,0.59400192
