NVMe_total_util,CPU,Memory_used
0.75801474,0.7479392,0.7452968
0.72230214,0.71006954,0.75086755
0.692731,0.68149996,0.7624096
0.71727693,0.70571613,0.7636713
