NVMe_total_util,CPU,Memory_used
0.20946613,0.29463148,0.7142495
0.59670144,0.60146034,0.7406287
0.63273716,0.6225034,0.7380047
0.61955,0.604089,0.73781073
