NVMe_total_util,CPU,Memory_used
0.6868091,0.66537213,0.7575733
0.69082445,0.6692786,0.75738746
0.6885152,0.66503274,0.75862145
0.66962075,0.6385764,0.76283675
