NVMe_total_util,CPU,Memory_used
0.42518124,0.55334693,0.6345348
0.41924953,0.55218995,0.6366294
0.41782463,0.5486493,0.63618374
0.41823834,0.5568552,0.6417567
