NVMe_total_util,CPU,Memory_used
0.3455299,0.5062442,0.65278953
0.36436206,0.5218291,0.65026975
0.34318024,0.5029627,0.65200627
0.3602123,0.5079391,0.64738613
