NVMe_total_util,CPU,Memory_used
0.32047823,0.4873876,0.65221775
0.34375834,0.51532465,0.6552407
0.33863562,0.508389,0.6541003
0.31334195,0.484326,0.65412474
