NVMe_total_util,CPU,Memory_used
0.9370999999995548,0.6976666666567326,0.9115406791111113
0.8992000000002008,0.5490000000120038,0.9114346382222224
0.912600000000384,0.6014444444328546,0.9112598755555557
0.9582000000005794,0.7756666666724614,0.9114200746666666
0.9779999999998836,0.7926666666960549,0.9111829617777778
