NVMe_total_util,CPU,Memory_used
0.9458777,0.7082407,0.91100854
0.96072155,0.7172436,0.92269
0.9498507,0.7096665,0.91317165
0.9493553,0.70927507,0.9130358
0.9548005,0.7115975,0.9164562
