NVMe_total_util,CPU,Memory_used
0.8197382,0.29223678,0.9194647
0.81496274,0.2906226,0.91479975
0.81686133,0.29127035,0.9167453
0.81637514,0.2911711,0.916203
0.8207946,0.29273298,0.92070913
0.816506,0.2911853,0.91638356
0.8101743,0.2890072,0.9099497
0.8225779,0.29325137,0.922332
0.8157299,0.2909703,0.915602
0.813819,0.29019624,0.9136176
0.8138599,0.29041812,0.9138775
0.8173718,0.29158762,0.91727644
0.81723076,0.29134354,0.9169641
0.8200004,0.29255122,0.91987634
