NVMe_total_util,CPU,Memory_used
0.81575507,0.31282496,0.91506904
0.8211063,0.31456327,0.9199473
0.817623,0.31340894,0.9167147
0.82028276,0.3145005,0.9195429
0.8165218,0.3129891,0.9157198
0.81201637,0.3112782,0.9111861
0.8162481,0.31306776,0.9156609
0.8198237,0.3142545,0.919039
0.81434876,0.31232786,0.91379744
0.81687677,0.3134124,0.9163603
0.81536394,0.31267172,0.914641
0.8230713,0.3155191,0.9223661
0.8217143,0.31503767,0.92089957
