NVMe_total_util,CPU,Memory_used
0.8138529,0.3360587,0.9189875
0.8099588,0.3344207,0.91489005
0.80476886,0.33228096,0.90960467
0.81111497,0.3347527,0.9160189
0.80843145,0.33384857,0.9135498
0.813887,0.3361639,0.91912436
0.808881,0.33387804,0.91371125
0.81097806,0.3349422,0.9160994
0.8065682,0.33310482,0.9115407
0.8093848,0.33413115,0.91438353
0.8120832,0.33521464,0.9169541
0.81040365,0.33447483,0.9152517
