NVMe_total_util,CPU,Memory_used
0.80658275,0.36281288,0.9161235
0.8068436,0.36313272,0.91663945
0.7997397,0.35985234,0.909321
0.804137,0.3620293,0.91408014
0.8006626,0.3602843,0.9101763
0.8056243,0.3626247,0.91550124
0.80309075,0.3613818,0.9126583
0.8042973,0.36203298,0.9142575
0.8074645,0.36341202,0.91729563
0.8058376,0.3626947,0.9156563
0.8080928,0.36357197,0.91771555
