NVMe_total_util,CPU,Memory_used
0.801187,0.38090146,0.9151414
0.8053318,0.38260928,0.9190352
0.8028974,0.38136438,0.91648203
0.80074525,0.3805923,0.91463584
0.8057091,0.3830232,0.91988605
0.80432534,0.382289,0.9182938
0.8079285,0.38388014,0.92196465
0.80471694,0.38225418,0.9183835
0.8006091,0.38050973,0.91430897
0.80794996,0.38377798,0.9216053
0.8066714,0.38270143,0.91992015
