NVMe_total_util,CPU,Memory_used
0.79239416,0.40068114,0.90780616
0.8019445,0.4054405,0.9178201
0.7935586,0.40144446,0.9092866
0.79336965,0.4013324,0.9090092
0.79433805,0.4018419,0.91007906
0.79816926,0.40346113,0.91360724
0.7962117,0.40258947,0.9117695
0.79716223,0.40299946,0.91268384
0.80667937,0.40758792,0.92253953
0.795472,0.40217283,0.91106975
