NVMe_total_util,CPU,Memory_used
0.79474413,0.4336713,0.9053853
0.79708767,0.43475065,0.9075848
0.8022891,0.4373793,0.91279393
0.81105924,0.44121617,0.92071027
0.8016639,0.43686935,0.9118896
0.8035861,0.43792585,0.913868
0.80231977,0.43750685,0.9129781
0.8019376,0.4369341,0.91202885
0.80044544,0.43644956,0.9109108
0.8034843,0.43796742,0.9139233
