NVMe_total_util,CPU,Memory_used
0.8262000000000624,0.4582222222247057,0.9157804942222222
0.8130000000001021,0.4372222222180831,0.9181598151111112
0.8048000000000686,0.42799999999503296,0.9155324586666668
0.7820000000001529,0.4886666666716336,0.9174826097777776
0.8134999999998398,0.4686666666426594,0.915156992
0.7993000000002212,0.4387777777699132,0.9155488426666668
0.7968999999997323,0.4529999999846849,0.917917696
0.7974000000001977,0.4425555555874274,0.9152116053333332
0.7903000000000245,0.4284444444605874,0.9157700266666666
