NVMe_total_util,CPU,Memory_used
0.814528,0.45903814,0.9128573
0.81937885,0.46146137,0.9176174
0.8145108,0.45928183,0.9131713
0.8224478,0.4629598,0.9204763
0.8149982,0.45942238,0.9135163
0.8138112,0.45854822,0.9120014
0.8144834,0.458936,0.9127706
0.8169154,0.46048856,0.91551423
0.81814784,0.4606156,0.9162016
