NVMe_total_util,CPU,Memory_used
0.7860000000000583,0.4658888888959256,0.9160981617777778
0.8155000000000657,0.4982222222102185,0.9185475697777776
0.7966000000000351,0.4546666666658388,0.9160494648888888
0.8374000000001617,0.4676666666236189,0.9160412728888888
0.8097999999999955,0.4553333333176044,0.9160235235555556
0.8027000000000043,0.4512222222259474,0.9185735111111112
0.8531000000004497,0.4974444444601736,0.9184205937777776
0.7879000000000815,0.4652222222234638,0.9180665173333332
0.8221000000001368,0.4578888888677788,0.9160863288888887
