NVMe_total_util,CPU,Memory_used
0.81600165,0.45265266,0.9366771
0.81326246,0.4508653,0.93369263
0.8173498,0.45350647,0.9381524
0.82469726,0.45810592,0.9460092
0.8110976,0.44944802,0.9314478
0.8150532,0.45192614,0.93563277
0.81534624,0.45231223,0.9359215
0.8122146,0.4501873,0.93257296
0.8143436,0.4516666,0.9349308
