NVMe_total_util,CPU,Memory_used
0.8525000000001455,0.4886666666509377,0.9161213724444444
0.7982999999996538,0.4867777777628766,0.9161022577777778
0.8338000000001557,0.44188888889426986,0.9162001066666666
0.8323000000000322,0.4847777777868841,0.9160016782222222
0.8504999999997379,0.4841111110626824,0.9161263786666668
0.8485999999998965,0.4862222222300867,0.916103168
0.8042999999997846,0.4568888888797827,0.9160531057777778
0.8001000000002022,0.4824444444332686,0.9160704
