NVMe_total_util,CPU,Memory_used
0.8385579,0.48735726,0.9313594
0.8271996,0.4802832,0.91953987
0.82673395,0.4801278,0.919048
0.8248195,0.47871745,0.9170317
0.8277613,0.48046198,0.92008525
0.821599,0.4766526,0.9134159
0.8270791,0.4801442,0.91935354
0.8285263,0.48107508,0.9208654
