NVMe_total_util,CPU,Memory_used
0.8157999999999447,0.5162222222114603,0.9161705244444444
0.8579999999998108,0.4942222221857972,0.9186454186666668
0.8513000000000827,0.5352222222110464,0.9186344959999999
0.8141999999998005,0.5091111111247705,0.9161609671111112
0.8309000000001104,0.48211111114877797,0.9162620017777776
0.8608000000001992,0.5288888889157937,0.9184979626666666
0.8361000000002605,0.4772222222242919,0.9162501688888888
0.8474000000001978,0.4983333333498903,0.9162155804444444
