NVMe_total_util,CPU,Memory_used
0.85352004,0.505467,0.9200774
0.85717404,0.50796443,0.924041
0.84449166,0.49982658,0.91099364
0.8469007,0.5012002,0.91338205
0.85955155,0.5093967,0.9263164
0.85536057,0.5067644,0.9221971
0.84309137,0.49897745,0.90955025
0.8451897,0.50014013,0.91154695
