NVMe_total_util,CPU,Memory_used
0.8717000000000553,0.5145555555406545,0.9162101191111112
0.9005999999999402,0.5469999999946191,0.9162474382222222
0.8645000000004074,0.4967777777566678,0.9162606364444444
0.904199999999946,0.5272222221725517,0.9162615466666668
0.8657999999999447,0.5273333333329193,0.9161614222222222
0.8356999999998154,0.5204444444841809,0.9162328746666668
0.8671999999998661,0.5087777777781917,0.9162228622222224
