NVMe_total_util,CPU,Memory_used
0.8857632,0.5270851,0.92691797
0.87204903,0.51864535,0.9133685
0.87404346,0.51954544,0.9150973
0.8837503,0.525673,0.9246319
0.88099104,0.5244669,0.9223304
0.8775213,0.5218053,0.9186471
0.8773966,0.52170223,0.91849095
