NVMe_total_util,CPU,Memory_used
0.8910836,0.5377503,0.91315085
0.8929728,0.5393143,0.9149554
0.89987326,0.5437203,0.9217953
0.8994808,0.5434391,0.92145807
0.8979325,0.5428447,0.92071486
0.8981283,0.5425678,0.92017204
0.89333284,0.5391955,0.91531634
