NVMe_total_util,CPU,Memory_used
0.8771999999997206,0.5308888888710901,0.9164822755555556
0.9049999999997452,0.5599999999730952,0.916488192
0.8963999999999942,0.5051111111003492,0.9163238968888888
0.8270999999998822,0.5002222222276034,0.9164353991111112
0.9289000000000668,0.5606666666455566,0.9163580302222222
0.892399999999907,0.5411111111649209,0.9162706488888888
0.911499999999978,0.5507777777603929,0.9163211662222224
