NVMe_total_util,CPU,Memory_used
0.9143599,0.56012243,0.91980636
0.91653764,0.56127006,0.9220357
0.9111885,0.5580009,0.91665596
0.9144427,0.5600028,0.92017585
0.9180348,0.5622598,0.9234447
0.90759623,0.5552403,0.9133593
0.90694517,0.55444986,0.912827
