NVMe_total_util,CPU,Memory_used
0.9505999999997584,0.5722222222118742,0.9166543075555555
0.9239999999996144,0.612444444445686,0.9164763591111112
0.9195999999998092,0.5777777777467337,0.9166784284444444
0.9431000000002312,0.5874444444456861,0.9165560035555556
0.9376000000002022,0.5783333333519599,0.9165132231111112
0.94270000000015,0.6041111110916568,0.9167157475555556
0.9237999999999374,0.5664444444701074,0.9165154986666668
