NVMe_total_util,CPU,Memory_used
0.93416,0.59417444,0.92150545
0.92862403,0.58965003,0.9171947
0.9278528,0.5892317,0.9163345
0.91948867,0.5833133,0.90839726
0.9310371,0.5911696,0.919599
0.9369804,0.59558207,0.9251405
0.9264522,0.58812886,0.9149838
