NVMe_total_util,CPU,Memory_used
0.942699999999968,0.6123333333267102,0.9130288924444444
0.96200000000008,0.644333333335817,0.9131076266666668
0.914100000000144,0.5846666666679083,0.9132141226666668
0.94479999999985,0.6016666666604578,0.9130680320000001
0.9058999999999288,0.5797777777744665,0.9153900088888888
0.9310999999999696,0.5981111111015909,0.9130079573333332
0.9490999999998164,0.6257777777914371,0.9128787057777776
