NVMe_total_util,CPU,Memory_used
0.9530000000000656,0.6364444443956017,0.9129679075555556
0.9111000000000784,0.5969999999532268,0.9132118471111113
0.916100000000006,0.5945555555427238,0.9131185493333334
0.9254000000000816,0.6048888889244861,0.913178624
0.9247999999999592,0.5947777777703273,0.9130156942222222
0.9415000000000876,0.6269999999863406,0.9132286862222222
