NVMe_total_util,CPU,Memory_used
0.9318787,0.6012649,0.9181193
0.92576075,0.59488887,0.9146326
0.9190203,0.5910041,0.9071373
0.9247361,0.59505415,0.9126082
0.93411094,0.6013742,0.921955
0.92803305,0.59746015,0.9156979
