NVMe_total_util,CPU,Memory_used
0.9116999999998372,0.5776666666484541,0.9131840853333332
0.8862999999999376,0.5545555555365149,0.9132764728888888
0.9589999999998328,0.621999999973923,0.9134189226666668
0.9519999999998618,0.6087777777988878,0.915533824
0.9207000000000334,0.6028888888760575,0.9134303004444444
0.9427000000001496,0.6069999999884101,0.9155474773333332
