NVMe_total_util,CPU,Memory_used
0.9387471,0.6069966,0.917102
0.93743885,0.6058264,0.9171995
0.9369435,0.6051317,0.9167294
0.93625116,0.6046156,0.91612935
0.93305063,0.6026086,0.91283125
0.93327284,0.60258496,0.9135531
