NVMe_total_util,CPU,Memory_used
0.945600000000195,0.6316666667039194,0.913145856
0.9473999999998342,0.6534444444295433,0.9132537173333334
0.9455999999998309,0.6284444443984992,0.9133242595555556
0.9607000000003608,0.6343333333627217,0.9135795768888888
0.9559000000001106,0.6625555555336178,0.9133470151111112
0.9397999999999228,0.6075555555418959,0.9156608
