NVMe_total_util,CPU,Memory_used
0.94502014,0.6304615,0.91873527
0.9292676,0.61811435,0.9060138
0.9299151,0.61862993,0.9060382
0.9405681,0.62657905,0.916081
0.93551296,0.6226126,0.91193044
0.9361851,0.6231923,0.91205776
