NVMe_total_util,CPU,Memory_used
0.9169919,0.6136137,0.88057506
0.924398,0.6214224,0.88621646
0.9095918,0.6095909,0.8734559
0.9083733,0.60878766,0.8725754
0.9342588,0.6292802,0.8937937
0.9177025,0.61589503,0.8800018
