NVMe_total_util,CPU,Memory_used
0.9466000000003986,0.6448888889306948,0.9132514417777776
0.9432000000002516,0.6430000000012418,0.9133497457777778
0.9139999999997596,0.5971111111135946,0.9131836302222224
0.9474000000003798,0.6662222222528524,0.9132860302222222
0.909400000000096,0.5771111111156645,0.9133579377777776
0.934599999999955,0.6396666666596299,0.91336704
