NVMe_total_util,CPU,Memory_used
0.8959999999999129,0.5829999999453624,0.9134830933333332
0.9531999999999244,0.7088888888764714,0.9132241351111112
0.958899999999812,0.7038888889054459,0.9134999324444444
0.9441999999997276,0.6033333333105675,0.9134353066666666
0.9490999999999984,0.6528888889071013,0.9135017528888888
0.9597000000003392,0.6906666666579745,0.9132773831111112
