NVMe_total_util,CPU,Memory_used
0.9255379,0.626192,0.89884317
0.9397375,0.6403625,0.911248
0.93943375,0.6397885,0.9112836
0.95049334,0.6489689,0.9210292
0.93696094,0.638178,0.90894777
0.9337122,0.6355026,0.90616786
