NVMe_total_util,CPU,Memory_used
0.9389451,0.6652705,0.90316725
0.9462909,0.6722062,0.90937537
0.94637656,0.6726165,0.9096279
0.9444377,0.6706942,0.9079471
0.9535544,0.6784796,0.91562325
0.9526764,0.6777441,0.91521454
