NVMe_total_util,CPU,Memory_used
0.9594999999997528,0.6468888889170356,0.9133961671111112
0.9474999999998548,0.6542222221899363,0.9132778382222222
0.9317000000000916,0.6243333333068425,0.9133606684444444
0.9357000000001792,0.6353333333093258,0.9135190471111112
0.9412999999996831,0.6112222222507828,0.9134193777777778
0.9255999999995764,0.6075555555108519,0.9156917475555556
