NVMe_total_util,CPU,Memory_used
0.9480999999996128,0.655222222229673,0.9156648959999999
0.941699999999764,0.6567777777608071,0.9135081244444444
0.9179000000001905,0.633444444431613,0.9134794524444444
0.937799999999879,0.6343333333006335,0.9136756053333334
0.9584000000002564,0.732111111117734,0.9134425884444444
