NVMe_total_util,CPU,Memory_used
0.94943535,0.666638,0.9171305
0.9407716,0.6593927,0.910434
0.94907403,0.6662016,0.9168836
0.94502985,0.6630579,0.9130927
0.95290786,0.66945034,0.92037404
