NVMe_total_util,CPU,Memory_used
0.94409513,0.68345666,0.9151706
0.9297533,0.6706962,0.9036618
0.9409777,0.6807451,0.91265553
0.9359064,0.67634183,0.90802795
0.9395174,0.679481,0.91111887
