NVMe_total_util,CPU,Memory_used
0.9687000000001718,0.7738888889137241,0.9137743644444444
0.9716999999998732,0.771444444441133,0.9136624071111112
0.9636999999998808,0.6518888888880611,0.9135818524444445
0.9647000000000848,0.7303333333279522,0.9136282737777778
0.9439000000000308,0.6738888888930282,0.9135390720000001
