NVMe_total_util,CPU,Memory_used
0.9580948,0.6999337,0.9184188
0.95375127,0.6960301,0.9159521
0.9537263,0.6963107,0.9146753
0.9565122,0.6984045,0.91770065
0.9497603,0.6927583,0.9111724
