NVMe_total_util,CPU,Memory_used
0.941699999999764,0.6996666666844652,0.9137743644444444
0.9629000000000816,0.6924444444374078,0.9136401066666666
0.9580000000005384,0.6502222222172551,0.9158241848888888
0.9527000000001864,0.7254444444552064,0.9137470577777778
0.9017000000001644,0.6117777777628767,0.9159347768888888
