NVMe_total_util,CPU,Memory_used
0.9579000000001542,0.6964444444514809,0.9138139591111112
0.9429999999996652,0.6941111111082137,0.9137898382222224
0.95470000000023,0.7038888888330098,0.9141857848888888
0.948399999999674,0.6376666666629414,0.9137411413333332
0.9599999999998544,0.6829999999764067,0.9136778808888888
