NVMe_total_util,CPU,Memory_used
0.9509952,0.6755166,0.9152613
0.9467443,0.6716002,0.9123872
0.94722307,0.67237675,0.9118377
0.94554764,0.6708026,0.9106124
0.9513372,0.67572284,0.9156254
