NVMe_total_util,CPU,Memory_used
0.9482426,0.6987132,0.9101115
0.95288193,0.7028987,0.91372705
0.9551337,0.7046626,0.9156452
0.9515622,0.7014148,0.91208714
0.9561586,0.7053153,0.91675216
