NVMe_total_util,CPU,Memory_used
0.9583999999998922,0.6703333333652052,0.9136778808888888
0.9487000000000992,0.6941111111185618,0.9138130488888888
0.9455999999998314,0.7046666666554909,0.9138940586666666
0.9516999999999826,0.7391111111371882,0.9139682417777778
0.9588999999999942,0.7348888888748156,0.9159889351111112
