NVMe_total_util,CPU,Memory_used
0.9456126,0.70271075,0.91015124
0.9492875,0.70585597,0.91324717
0.9500844,0.7066381,0.91421384
0.94667727,0.70364726,0.9112693
0.94079727,0.698496,0.90579075
