NVMe_total_util,CPU,Memory_used
0.9653000000000246,0.7596666666472125,0.91396096
0.9587999999997918,0.7097777777868841,0.9137902933333332
0.953899999999885,0.7009999999673002,0.9135222328888888
0.960899999999856,0.7386666666716338,0.9136928995555555
0.9595000000001164,0.7574444444332687,0.9136787911111112
