NVMe_total_util,CPU,Memory_used
0.907499999999891,0.6092222222230501,0.9138963342222224
0.9649999999997816,0.6514444444742467,0.9138781297777778
0.9307999999995444,0.626888888888061,0.9137616213333334
0.9149999999999636,0.6092222222333982,0.91437056
0.9588000000001556,0.7531111111243568,0.9138248817777778
