NVMe_total_util,CPU,Memory_used
0.9503387,0.69772834,0.9226811
0.95220095,0.6994349,0.9244782
0.94064,0.6894713,0.91478145
0.9401082,0.68895864,0.91389
0.9356333,0.6851579,0.9107729
