NVMe_total_util,CPU,Memory_used
0.9651999999998224,0.7681111111305653,0.9139227306666666
0.966599999999744,0.7579999999971027,0.9138458168888888
0.9313999999998486,0.6683333333374725,0.9140792888888888
0.9529999999998836,0.70977777775584,0.9140565333333334
0.9466000000002168,0.6869999999904798,0.9140406044444443
