NVMe_total_util,CPU,Memory_used
0.95147276,0.647301,0.9278884
0.9444801,0.64155227,0.9216608
0.93189937,0.6312976,0.9098679
0.96676815,0.6596336,0.94061303
0.941871,0.63940203,0.9191482
