NVMe_total_util,CPU,Memory_used
0.9656999999999242,0.7462222221617897,0.9142262897777778
0.9738999999997758,0.7656666666993664,0.9140492515555556
0.9726999999998952,0.7513333333138791,0.9141844195555556
0.9643999999994776,0.7802222222296726,0.9140970382222222
0.9612999999997556,0.7486666666550769,0.9141416391111112
