NVMe_total_util,CPU,Memory_used
0.9367405,0.6939459,0.8996043
0.9337379,0.6912808,0.8969535
0.94463027,0.700897,0.90643466
0.9632907,0.7176618,0.9223402
0.9484534,0.70438135,0.90930015
