NVMe_total_util,CPU,Memory_used
0.9498214,0.72182536,0.9104725
0.9493417,0.72134453,0.9097481
0.9522212,0.724426,0.91209817
0.9535201,0.7255381,0.91324365
0.95956016,0.73125416,0.91840684
