NVMe_total_util,CPU,Memory_used
0.9607000000001791,0.7361111111421552,0.9138530986666666
0.9599999999998544,0.7357777777852283,0.9145298488888888
0.9156999999997424,0.6642222222458156,0.9143796622222222
0.9698999999998704,0.7717777777670158,0.9142581475555556
0.9503999999998995,0.6734444444067775,0.9141648497777778
