NVMe_total_util,CPU,Memory_used
0.9029000000000452,0.6555555555555556,0.9142786275555556
0.9076000000004568,0.6167777777856424,0.9141502862222224
0.9700000000000728,0.7667777777752941,0.9163744142222222
0.9121999999999391,0.5947777777703274,0.914120704
0.979700000000048,0.7971111110928988,0.9142099057777778
