NVMe_total_util,CPU,Memory_used
0.9725033,0.7732381,0.9230627
0.97325647,0.774046,0.92398465
0.97777617,0.7787701,0.9273429
0.9721066,0.77315366,0.9224102
0.9807317,0.7813977,0.92946076
