NVMe_total_util,CPU,Memory_used
0.94887334,0.7528329,0.90649074
0.94861037,0.7524293,0.90648717
0.97835416,0.78130347,0.9314646
0.9719468,0.77461356,0.9268938
0.9740815,0.77740175,0.9282592
