NVMe_total_util,CPU,Memory_used
0.9592000000002372,0.7202222221841414,0.9142941013333332
0.9453000000001338,0.6785555555692148,0.9140351431111112
0.9548000000000686,0.6903333333113956,0.9142326613333334
0.9319000000001324,0.7618888888818522,0.9143878542222222
0.9636999999996986,0.6828888888988228,0.91447296
