NVMe_total_util,CPU,Memory_used
0.9456000000003768,0.7473333333411979,0.9143123057777778
0.9664999999997236,0.7786666666881906,0.9143423431111112
0.9495000000000801,0.6284444444398913,0.9143528106666666
0.9536000000003696,0.6448888888479107,0.9143341511111112
0.9158000000003084,0.6262222222259476,0.9141953422222222
