NVMe_total_util,CPU,Memory_used
0.95941126,0.71159583,0.9202316
0.9577484,0.70971894,0.91912174
0.93698204,0.69111323,0.9013822
0.9557849,0.70793116,0.9175006
0.9443481,0.69788194,0.9072883
