NVMe_total_util,CPU,Memory_used
0.9583364,0.7009458,0.91989976
0.95232654,0.6952681,0.9150266
0.9500454,0.69483835,0.9119346
0.95801973,0.7017104,0.9189897
0.95010537,0.6943061,0.91203356
