NVMe_total_util,CPU,Memory_used
0.9248999999999796,0.6345555555385848,0.9141721315555555
0.963300000000163,0.7824444444436166,0.9141621191111112
0.9537000000000262,0.7321111110970377,0.9141202488888888
0.909900000000016,0.5921111111115251,0.9141962524444444
0.9710000000002764,0.8048888889037901,0.9143113955555556
