NVMe_total_util,CPU,Memory_used
0.9477391,0.6909307,0.9139061
0.948805,0.6916738,0.9146755
0.94143695,0.68464,0.9086075
0.95493656,0.6969923,0.92033947
0.9432809,0.6866261,0.9101623
