NVMe_total_util,CPU,Memory_used
0.974899999999616,0.8217777777980596,0.914284544
0.96299999999992,0.7881111111388438,0.9144784213333332
0.9324999999998907,0.7024444444208507,0.9142162773333332
0.9592000000004192,0.6637777777595654,0.9145435022222222
0.9748999999997978,0.7736666666654246,0.9143764764444444
