NVMe_total_util,CPU,Memory_used
0.9603000000002796,0.7252222222379514,0.9142499555555555
0.9796000000000276,0.7761111111173199,0.9142777173333332
0.950999999999658,0.7697777777703271,0.9143974115555557
0.9632999999997992,0.7840000000161429,0.9143860337777778
0.9632000000001424,0.7307777777728106,0.9142881848888889
