NVMe_total_util,CPU,Memory_used
0.9522188,0.69811165,0.91737604
0.94312125,0.6898496,0.909799
0.9452553,0.6919631,0.9111768
0.95020336,0.69665,0.9151942
0.9451942,0.6909895,0.9116494
