NVMe_total_util,CPU,Memory_used
0.9346351,0.6708746,0.9088584
0.9374841,0.6732591,0.9114316
0.9470612,0.6822597,0.9194578
0.9374684,0.6729517,0.91164887
0.9455145,0.680829,0.91844296
