NVMe_total_util,CPU,Memory_used
0.9638000000002648,0.7685555555029877,0.9145576106666666
0.912799999999879,0.6023333333432673,0.9144570311111112
0.9533999999999652,0.7346666666679085,0.9169105351111112
0.9551999999997864,0.7334444444833531,0.9143855786666668
0.9731999999994516,0.7867777777835725,0.9141152426666668
