NVMe_total_util,CPU,Memory_used
0.9327397,0.7147006,0.8948208
0.9291407,0.7090653,0.8908271
0.93294466,0.7146512,0.89506376
0.93817586,0.7237065,0.9000693
0.9334347,0.7181887,0.89469784
