NVMe_total_util,CPU,Memory_used
0.9566999999999098,0.7428888888719182,0.9151528959999999
0.9748999999996156,0.7790000000140732,0.915345408
0.9125999999998384,0.6060000000107622,0.914300928
0.9438000000000102,0.6834444444419612,0.9152038684444443
0.970900000000074,0.7860000000231796,0.9147446613333332
