NVMe_total_util,CPU,Memory_used
0.9447000000000116,0.7421111111011771,0.9146072177777778
0.9512000000000624,0.7197777777806751,0.9147746986666668
0.9609000000000378,0.7419999999925495,0.9146864071111112
0.9404000000004088,0.6671111111011769,0.9148029155555556
0.95719999999983,0.709444444409261,0.9147173546666668
