NVMe_total_util,CPU,Memory_used
0.93900394,0.6945518,0.9137436
0.93885666,0.69685215,0.9134705
0.94972044,0.7069022,0.92204905
0.9285451,0.6838166,0.9045371
0.9496005,0.7033865,0.9219502
