NVMe_total_util,CPU,Memory_used
0.9432502,0.6917185,0.9175802
0.9393318,0.6876854,0.9151149
0.9308449,0.6768339,0.9069416
0.93805015,0.68512344,0.9138538
0.9402366,0.68689275,0.9149206
