NVMe_total_util,CPU,Memory_used
0.9472999999999956,0.6425555555460352,0.9149972479999999
0.9742999999998576,0.8093333333109817,0.9148179342222222
0.9480999999997948,0.7162222222321564,0.9148557084444444
0.9664999999997236,0.8089999999954469,0.9146895928888888
0.9397000000000844,0.7102222222006983,0.9150332017777778
