NVMe_total_util,CPU,Memory_used
0.9386000000000422,0.7010000000500842,0.915116032
0.947599999999875,0.7044444444589318,0.9149326222222224
0.9470999999995908,0.7364444444266458,0.9149681208888888
1.012900000000192,0.7205555555410682,0.9149157831111112
0.9472999999999956,0.7275555555708706,0.914866176
