NVMe_total_util,CPU,Memory_used
0.9276127,0.68542624,0.9008483
0.9266745,0.6866413,0.90037656
0.9453632,0.7102382,0.91702795
0.93312687,0.6941302,0.90664214
0.95445555,0.7202352,0.9245543
