NVMe_total_util,CPU,Memory_used
0.9319703,0.65040785,0.91501904
0.9267473,0.6486929,0.90915644
0.9308266,0.6514607,0.91398
0.9316215,0.6552896,0.91456735
0.92173755,0.6433287,0.90559256
