NVMe_total_util,CPU,Memory_used
0.952400000000307,0.6775555555812187,0.9157445404444444
0.9674999999999272,0.7895555555510024,0.9149540124444444
0.9518000000001848,0.6768888888984093,0.9152575715555556
0.9284999999998036,0.6726666666877764,0.915181568
0.9671000000000276,0.776666666660458,0.9151861191111113
