NVMe_total_util,CPU,Memory_used
0.9558000000000904,0.6918888888632257,0.9151510755555556
0.9534999999998036,0.7678888888926142,0.9154127644444444
0.9633999999998196,0.7623333333370587,0.9149162382222222
0.9682999999999083,0.7602222222420906,0.9150677902222222
0.9460999999999332,0.728555555558867,0.9149676657777778
