NVMe_total_util,CPU,Memory_used
0.937326,0.70457274,0.9099415
0.9344844,0.70152766,0.90687764
0.9464749,0.7167173,0.9179651
0.94209653,0.71388507,0.91478133
0.9378191,0.7070468,0.9113883
