NVMe_total_util,CPU,Memory_used
0.9512999999995372,0.6847777777868842,0.9152439182222222
0.9716000000003988,0.7998888888603282,0.9151524408888888
0.9769999999996796,0.8232222222412625,0.9151401528888888
0.9594999999999346,0.6511111110759277,0.9149722168888887
0.9383000000003447,0.666222222190764,0.9153344853333332
