NVMe_total_util,CPU,Memory_used
0.9435338,0.7022492,0.91309726
0.93711096,0.6965983,0.90683734
0.93751776,0.6991882,0.9080078
0.9505871,0.7133383,0.9189076
0.95449954,0.7197809,0.9218552
