NVMe_total_util,CPU,Memory_used
0.9559536,0.7262374,0.9131856
0.95870405,0.7285666,0.91597617
0.9631574,0.73534757,0.9194564
0.957058,0.72510487,0.9148038
0.96896476,0.7420533,0.9247338
