NVMe_total_util,CPU,Memory_used
0.9728000000000976,0.8072222222470575,0.9151419733333334
0.9686999999999896,0.7675555555667313,0.9150946417777778
0.9619000000002416,0.7256666666621135,0.9151956764444444
0.966400000000249,0.7297777777848145,0.9152675840000001
0.9644000000000232,0.7925555555563835,0.9151123911111112
