NVMe_total_util,CPU,Memory_used
0.922500000000218,0.6398888889286249,0.9153449528888888
0.9534000000001468,0.6994444444258179,0.9153936497777778
0.9428000000001702,0.678000000005381,0.9154068479999999
0.972900000000118,0.8016666666811537,0.915365888
0.9415999999999258,0.7186666666530073,0.9178926648888888
