NVMe_total_util,CPU,Memory_used
0.94479096,0.7090627,0.9184997
0.94390976,0.7048572,0.9171211
0.9479544,0.71366286,0.9197936
0.93974173,0.7072545,0.9130832
0.94148237,0.7042521,0.91596186
