NVMe_total_util,CPU,Memory_used
0.9518000000001848,0.7402222222234642,0.9154905884444444
0.96299999999992,0.8067777777918511,0.9154191359999999
0.9562000000003534,0.6316666666728755,0.9154036622222222
0.9730000000001382,0.8077777777591514,0.9153640675555555
0.9692000000002736,0.7672222222098047,0.9157026702222222
