NVMe_total_util,CPU,Memory_used
0.94163775,0.70356077,0.9090463
0.93395627,0.6956696,0.903353
0.9527657,0.7154351,0.91923255
0.9527049,0.71573526,0.92006075
0.9445355,0.71098834,0.91182536
