NVMe_total_util,CPU,Memory_used
0.9604999999999564,0.7275555555294786,0.915402752
0.953900000000067,0.77722222223464,0.9155097031111112
0.9139000000001032,0.6418888888942696,0.9154810311111112
0.9788999999998852,0.801555555531134,0.9153076337777778
0.9283999999997832,0.6529999999950331,0.9153590613333332
