NVMe_total_util,CPU,Memory_used
0.94537127,0.7191293,0.9305405
0.93910104,0.7128562,0.9291184
0.93307775,0.70549583,0.92109555
0.9330786,0.7054007,0.9247262
0.9485771,0.72249854,0.9398906
