NVMe_total_util,CPU,Memory_used
0.9499605,0.7113552,0.913098
0.9471369,0.71012616,0.9113732
0.9626212,0.7257494,0.92769265
0.95615005,0.719823,0.92272
0.9428003,0.7044501,0.90666026
