NVMe_total_util,CPU,Memory_used
0.9589999999998328,0.7229999999826154,0.9154305137777776
0.9737999999997554,0.8047777777951626,0.915480576
0.9646999999997204,0.7497777777930928,0.9154236871111112
0.9617000000000188,0.7435555555340314,0.9154154951111112
0.9694000000004962,0.8374444444456859,0.9153217422222222
