NVMe_total_util,CPU,Memory_used
0.97103083,0.7650074,0.93007517
0.96645594,0.75849557,0.9234434
0.96140987,0.7539089,0.9196568
0.96276736,0.7591093,0.9242432
0.96587706,0.75950575,0.9238022
