NVMe_total_util,CPU,Memory_used
0.9575000000002548,0.7078888888884749,0.9158432995555555
0.97599999999984,0.8468888889066875,0.9156635306666666
0.942699999999968,0.6454444444324409,0.9156580693333334
0.8445000000003345,0.5625555555439656,0.9155529386666666
0.9640000000004876,0.7804444444262317,0.9153804515555556
