NVMe_total_util,CPU,Memory_used
0.9128000000000612,0.6716666666376923,0.9153586062222222
0.9630999999999402,0.7562222222176692,0.9156421404444444
0.9208000000002357,0.623111111091243,0.9153649777777778
0.9463999999998124,0.6610000000335278,0.9156020906666666
0.9621000000001004,0.6905555555700428,0.9156275768888888
