NVMe_total_util,CPU,Memory_used
0.9537494,0.706587,0.91678
0.9498365,0.7020716,0.91268134
0.95323944,0.7070121,0.91778934
0.9476855,0.7023656,0.9137806
0.9534104,0.70771897,0.9184794
