NVMe_total_util,CPU,Memory_used
0.9244000000002416,0.5697777778117193,0.9157454506666668
0.9699000000000524,0.795111111106558,0.9159375075555556
0.931199999999808,0.695333333375553,0.9159092906666668
0.942399999999907,0.6787777778278623,0.9158737920000001
0.92920000000031,0.6713333333428537,0.9159088355555556
