NVMe_total_util,CPU,Memory_used
0.94050306,0.68494725,0.9195345
0.9340593,0.677254,0.9143671
0.9365229,0.6796063,0.91597617
0.92554766,0.6698258,0.9079594
0.9395309,0.68123114,0.9187668
