NVMe_total_util,CPU,Memory_used
0.9482999999998356,0.7197777777806752,0.9162082986666666
0.953700000000208,0.7491111111206314,0.9159584426666668
0.9537000000000262,0.646777777808408,0.9160967964444444
0.9728000000000976,0.7854444444593456,0.9159111111111112
0.9704000000001544,0.8197777777806755,0.9159502506666668
