NVMe_total_util,CPU,Memory_used
0.95255554,0.70490056,0.9183412
0.9478865,0.7027861,0.91449773
0.95647985,0.70937014,0.922978
0.95747775,0.7149018,0.92596036
0.94584864,0.7015031,0.91300106
