NVMe_total_util,CPU,Memory_used
0.9718000000002576,0.8081111111160783,0.9162351502222222
0.9378999999998996,0.6501111110982793,0.9156885617777778
0.9612999999999374,0.7161111111028328,0.9160517404444444
0.9484999999996944,0.741555555547691,0.9156462364444444
0.9565000000002328,0.7305555555555556,0.9158642346666668
