NVMe_total_util,CPU,Memory_used
0.9216118,0.67232645,0.90827084
0.9242618,0.6737375,0.90891194
0.9293022,0.6830807,0.9163146
0.9281406,0.6831733,0.9153123
0.9319607,0.6845596,0.91719675
