NVMe_total_util,CPU,Memory_used
0.9622000000001204,0.7297777777537704,0.916115456
0.9614999999996144,0.6983333332981502,0.9160166968888888
0.919800000000032,0.5905555555596946,0.9160758613333332
0.9137999999999009,0.6571111111280818,0.9161919146666668
0.9189000000003942,0.5897777777786056,0.9158856248888888
