NVMe_total_util,CPU,Memory_used
0.94332653,0.6974585,0.917962
0.9406882,0.69438213,0.9169762
0.9359134,0.686002,0.91193724
0.9352134,0.68700796,0.9119183
0.9420283,0.6936716,0.91573787
