NVMe_total_util,CPU,Memory_used
0.94043803,0.6920872,0.91355515
0.94656456,0.69785774,0.917783
0.9445168,0.6926583,0.91685265
0.9451785,0.6993035,0.9173063
0.9476781,0.69533813,0.9177847
