NVMe_total_util,CPU,Memory_used
0.8320999999999912,0.5416666666356229,0.9183555128888888
0.9459000000002564,0.6659999999942052,0.9157613795555556
0.9566000000000712,0.7304444444365802,0.9160062293333332
0.9453999999999724,0.7406666666683225,0.9160144213333332
0.9147999999999228,0.5885555555423102,0.9159061048888888
