NVMe_total_util,CPU,Memory_used
0.9581999999998516,0.7253333333258828,0.9161104497777778
0.9365999999999984,0.6621111110991073,0.9159411484444444
0.9554999999998472,0.7168888888632258,0.9158997333333332
0.9493000000004028,0.7588888888764713,0.9162269582222222
0.9413000000000464,0.667444444447756,0.9161309297777778
