NVMe_total_util,CPU,Memory_used
0.95029557,0.7175181,0.9145371
0.95364755,0.72027403,0.915221
0.9527309,0.718268,0.91447395
0.95442146,0.71939325,0.91531986
0.95415926,0.72192645,0.91722447
