NVMe_total_util,CPU,Memory_used
0.9621000000002822,0.7571111111280818,0.9163198008888888
0.8678000000001703,0.5625555555646617,0.9162606364444444
0.965600000000086,0.7114444444473419,0.9162997759999999
0.9645000000000435,0.7624444444456863,0.9164071822222222
0.9432999999999084,0.6836666666488679,0.9184178631111112
