NVMe_total_util,CPU,Memory_used
0.9541644,0.6604146,0.9156563
0.9684062,0.6746538,0.9270451
0.97235906,0.67818594,0.9295447
0.956254,0.66220146,0.9142282
0.96923864,0.6741794,0.92738664
