NVMe_total_util,CPU,Memory_used
0.9697000000000116,0.7562222222694093,0.9186895644444444
0.970799999999872,0.7564444444142282,0.9162574506666666
0.9063999999996668,0.6532222222226359,0.9163730488888888
0.9519999999998616,0.7506666666621137,0.9163229866666668
0.9617000000000188,0.7535555555588669,0.9161354808888889
