NVMe_total_util,CPU,Memory_used
0.9314438,0.6801302,0.903439
0.9293572,0.67869264,0.90392244
0.93856573,0.6879879,0.9115621
0.94520783,0.6903357,0.91716355
0.94547284,0.6933864,0.918228
