NVMe_total_util,CPU,Memory_used
0.9293133,0.6849748,0.90617085
0.9297606,0.6876068,0.9064419
0.9420775,0.7075454,0.92187274
0.93863225,0.69597095,0.9147674
0.9559381,0.7163464,0.93279004
