NVMe_total_util,CPU,Memory_used
0.9439000000002123,0.7173333333598242,0.9162747448888888
0.9301000000001296,0.6806666666331391,0.9166734222222224
0.9540000000004508,0.7108888888835079,0.9161623324444444
0.897899999999754,0.5875555555439658,0.916246528
0.960699999999997,0.7243333333275382,0.9185284551111113
