NVMe_total_util,CPU,Memory_used
0.9397999999999228,0.7217777777670159,0.9161737102222224
0.9062000000001716,0.5967777777980601,0.9161582364444444
0.9604999999999564,0.7023333333639636,0.9162515342222224
0.9136000000000422,0.6374444444249902,0.9161514097777778
0.9391999999999828,0.6670000000339417,0.9161555057777778
