NVMe_total_util,CPU,Memory_used
0.92585176,0.6876761,0.9066633
0.9333719,0.6957428,0.9126339
0.941541,0.7058861,0.9212824
0.92979515,0.691961,0.90970606
0.9431294,0.7078329,0.9225142
