NVMe_total_util,CPU,Memory_used
0.9114000000001397,0.6383333333250549,0.9159133866666668
0.9421999999996844,0.7459999999859268,0.9162328746666668
0.9549000000002706,0.7656666666786704,0.9164108231111112
0.94419999999991,0.6944444444030522,0.9162802062222222
0.975,0.7665555555373429,0.9183614293333332
