NVMe_total_util,CPU,Memory_used
0.9479762,0.7011673,0.9153234
0.947373,0.7017172,0.91514444
0.9479577,0.7014745,0.91621137
0.9480528,0.6979163,0.91421413
0.95056176,0.702377,0.91691864
