NVMe_total_util,CPU,Memory_used
0.92134416,0.6581636,0.9210805
0.93033516,0.66666985,0.9277401
0.9175589,0.6519717,0.91617715
0.9059068,0.64087874,0.90407896
0.91837585,0.6501983,0.91522634
