NVMe_total_util,CPU,Memory_used
0.959899999999834,0.6714444444100892,0.9162296888888888
0.9146999999997206,0.6482222221895224,0.9162087537777778
0.9549000000002708,0.7058888888710902,0.9163025066666668
0.9422999999998866,0.7141111110957958,0.9164454115555556
0.9515000000003055,0.7580000000074505,0.9162146702222222
