NVMe_total_util,CPU,Memory_used
0.9361000000004424,0.6904444444924591,0.9164672568888887
0.9601000000002388,0.7305555555141633,0.9160303502222222
0.9335999999999329,0.7251111110879317,0.9162019271111111
0.9096999999997936,0.6112222222197388,0.9162210417777776
0.9706000000001948,0.7816666666728754,0.9164713528888888
