NVMe_total_util,CPU,Memory_used
0.9357835,0.65739834,0.9188392
0.93453765,0.65842736,0.9175062
0.93262595,0.6577565,0.91639185
0.9351659,0.65775454,0.91821116
0.9325523,0.65116155,0.9144372
