NVMe_total_util,CPU,Memory_used
0.9470972,0.6935312,0.9170544
0.95277226,0.7001626,0.92134833
0.9599788,0.70764273,0.9295852
0.94702363,0.69420534,0.9163375
0.9509638,0.69459146,0.9184822
