NVMe_total_util,CPU,Memory_used
0.9757000000001425,0.7900000000372528,0.9165164088888887
0.9166999999997644,0.6120000000008279,0.9164517831111112
0.925799999999981,0.6489999999602634,0.9166247253333332
0.9346000000001368,0.6644444444216786,0.9168436337777778
0.9642000000001644,0.8161111111131807,0.9163461973333332
