NVMe_total_util,CPU,Memory_used
0.9404999999995196,0.7193333333461651,0.916426752
0.966100000000006,0.6824444444643126,0.9168422684444444
0.9088999999998122,0.6293333333296081,0.9167312213333332
0.9497999999997774,0.7012222222466437,0.9164900124444444
0.9016000000001441,0.5894444444423746,0.9165063964444444
