NVMe_total_util,CPU,Memory_used
0.92871726,0.67239034,0.9109653
0.927171,0.67205024,0.9096147
0.9310833,0.67753,0.91423106
0.93252087,0.68070155,0.9170004
0.93581986,0.6836513,0.9191531
