NVMe_total_util,CPU,Memory_used
0.93323624,0.6777505,0.9150244
0.93859494,0.682502,0.9190851
0.93353605,0.6776516,0.91588557
0.93376076,0.6786219,0.9147577
0.93787265,0.68458706,0.9200546
