NVMe_total_util,CPU,Memory_used
0.95669999999991,0.7391111110957962,0.9177602275555556
0.8937999999998282,0.5580000000074505,0.9177361066666668
0.929700000000048,0.6740000000326998,0.9176942364444444
0.9494000000000598,0.6843333333109816,0.9178881137777778
0.9444000000001324,0.6533333333312635,0.9176300657777776
