NVMe_total_util,CPU,Memory_used
0.9771999999995388,0.7961111111462945,0.9178444231111113
0.9561000000003336,0.7583333333540293,0.9180091733333332
0.9540000000002692,0.7454444444634847,0.9176869546666668
0.9701000000002752,0.8002222222172554,0.9177547662222222
0.9699999999997092,0.8123333333163626,0.9177060693333332
