NVMe_total_util,CPU,Memory_used
0.9657711,0.7375698,0.9292487
0.9615499,0.7303114,0.92523336
0.95775914,0.726877,0.9229077
0.9530432,0.7214782,0.917318
0.95965147,0.72968674,0.92223525
