NVMe_total_util,CPU,Memory_used
0.9719999999999346,0.7714444444721772,0.9175513315555556
0.957899999999972,0.7015555555621784,0.9175590684444443
0.9498000000001412,0.7393333333337471,0.9174270862222222
0.9353000000000976,0.6476666667188209,0.9176250595555556
0.960200000000259,0.7448888889099989,0.9198742186666666
