NVMe_total_util,CPU,Memory_used
0.9493646,0.7190924,0.9162752
0.95050883,0.7219437,0.9191402
0.95236564,0.7226274,0.92104685
0.9445771,0.7112164,0.91223437
0.95641804,0.7274105,0.924102
