NVMe_total_util,CPU,Memory_used
0.94176793,0.6967773,0.900939
0.94842345,0.7037005,0.9047884
0.9589778,0.7209595,0.91872543
0.9481101,0.70655066,0.9059256
0.9628079,0.7242159,0.91989845
