NVMe_total_util,CPU,Memory_used
0.9246999999997568,0.6505555555431378,0.9101630577777776
0.9394000000000234,0.6590000000057947,0.9103123342222222
0.9533000000001268,0.6915555555373432,0.9105722026666668
0.9586999999999536,0.8023333333639635,0.9103182506666668
0.9423999999999068,0.6841111111144225,0.9104379448888889
