NVMe_total_util,CPU,Memory_used
0.9519179,0.70417666,0.9129126
0.9539838,0.7057017,0.91638994
0.9527974,0.7028795,0.91290194
0.9443007,0.68939185,0.9056019
0.9499686,0.69869953,0.91093075
