NVMe_total_util,CPU,Memory_used
0.959900000000198,0.6809999999900661,0.9106468408888888
0.9681000000000496,0.7192222221961453,0.9104561493333332
0.944300000000112,0.7061111111193893,0.9108425386666666
0.9227000000000772,0.6587777777781916,0.9105312426666666
0.8882000000001424,0.5926666667167511,0.9109481244444444
