NVMe_total_util,CPU,Memory_used
0.918300000000454,0.6781111110933125,0.9106040604444444
0.965700000000288,0.7753333333362307,0.9106413795555556
0.9562999999994644,0.6900000000269049,0.9107487857777776
0.9788000000004106,0.8114444444473419,0.9104743537777776
0.948400000000038,0.6864444444680378,0.9106782435555556
