NVMe_total_util,CPU,Memory_used
0.94239485,0.7121694,0.90701383
0.9397541,0.7081889,0.9036945
0.94869936,0.72117126,0.9144807
0.95096743,0.72662663,0.91683525
0.95100653,0.72695637,0.91540724
