NVMe_total_util,CPU,Memory_used
0.9621999999999392,0.6737777777844003,0.910163968
0.961899999999514,0.7494444444154701,0.9103623964444444
0.9679000000011004,0.7826666666712199,0.9102768355555556
0.9487000000008264,0.7179999999701976,0.9103519288888888
0.9622999999999592,0.715222222233812,0.9104115484444444
