NVMe_total_util,CPU,Memory_used
0.9444971,0.7172407,0.91623753
0.94261324,0.7147284,0.91355526
0.9369379,0.70475227,0.9072135
0.9447287,0.7185214,0.91538686
0.9409699,0.711984,0.9117853
