NVMe_total_util,CPU,Memory_used
0.92105424,0.66700405,0.9052689
0.9242344,0.6689419,0.90929043
0.92409134,0.6736727,0.9090158
0.9245676,0.6699409,0.9105593
0.926002,0.67176545,0.9116851
