NVMe_total_util,CPU,Memory_used
0.9377000000000408,0.747888888894684,0.9105585493333334
0.9620999999995548,0.7253333332844907,0.9105016604444444
0.960300000001007,0.7147777777889538,0.9107729066666668
0.9408999999996012,0.6663333333200877,0.9104861866666668
0.9389999999999418,0.6994444444361657,0.9107178382222222
