NVMe_total_util,CPU,Memory_used
0.9486000000004424,0.6850000000248353,0.9105712924444443
0.9614000000001396,0.719555555553072,0.9127653831111112
0.9395000000004072,0.7201111110962101,0.9129392355555556
0.967699999999968,0.8204444444531369,0.9131126328888888
0.9648999999997612,0.7609999999817876,0.9107774577777776
