NVMe_total_util,CPU,Memory_used
0.95383024,0.72564423,0.91063464
0.95574075,0.7255834,0.9127536
0.95724124,0.72994816,0.9140359
0.956898,0.7311255,0.9157696
0.96108854,0.73390007,0.9187896
