NVMe_total_util,CPU,Memory_used
0.8989999999997963,0.605444444446928,0.9108470897777776
0.920799999999508,0.675888888931109,0.9105453511111112
0.9325999999997292,0.6813333333469925,0.9107442346666668
0.9310999999997877,0.6278888889071017,0.9107583431111111
0.9484000000004016,0.6762222222362957,0.9109467591111112
