NVMe_total_util,CPU,Memory_used
0.9538756,0.71398294,0.9119621
0.9542668,0.7165944,0.9135448
0.95174646,0.71643966,0.9118084
0.9544642,0.71397465,0.91299546
0.9510168,0.7162686,0.9107913
