NVMe_total_util,CPU,Memory_used
0.9301357,0.6879929,0.91062874
0.9329593,0.6965622,0.9129398
0.92997074,0.68978685,0.9096622
0.9279492,0.686609,0.90769225
0.93466127,0.6889675,0.914084
