NVMe_total_util,CPU,Memory_used
0.9170000000005528,0.6658888888752297,0.9108935111111112
0.8952999999997701,0.5518888888570168,0.910680064
0.9268000000003666,0.6549999999917215,0.9105931377777776
0.913300000000163,0.6408888889373174,0.9110769208888888
0.9676999999996042,0.7534444444295432,0.9109353813333332
