NVMe_total_util,CPU,Memory_used
0.9496999999992112,0.6717777777670159,0.9109763413333334
0.9598000000001776,0.8106666666662526,0.9110723697777776
0.9407999999999446,0.6884444444543786,0.9110259484444444
0.9770000000000436,0.8294444444071913,0.9108120462222222
0.958200000000579,0.7180000000012416,0.9108830435555556
