NVMe_total_util,CPU,Memory_used
0.9488233,0.67259073,0.91248864
0.94431645,0.6684817,0.90858287
0.94284016,0.6624987,0.90750164
0.94487715,0.67267764,0.9106349
0.94653356,0.6691756,0.90995014
