NVMe_total_util,CPU,Memory_used
0.9503406,0.69533885,0.9133908
0.9483747,0.6937485,0.91229415
0.94882053,0.6922758,0.9120019
0.9497265,0.69101405,0.91191494
0.95102733,0.6923834,0.91277766
