NVMe_total_util,CPU,Memory_used
0.910800000000745,0.6844444444403053,0.9110382364444444
0.94900000000016,0.6933333333271247,0.9108739413333332
0.916200000000026,0.6582222222557497,0.9109904497777778
0.9333000000005994,0.617666666675359,0.9110669084444444
0.944199999999546,0.7293333332985641,0.9109808924444444
