NVMe_total_util,CPU,Memory_used
0.903099999999904,0.6118888888818522,0.9109972764444444
0.9540999999997438,0.7282222222122879,0.9109772515555556
0.9261000000002242,0.6733333333291941,0.9108634737777778
0.9440999999998896,0.6802222222193248,0.9110646328888888
0.981599999999962,0.7158888889166218,0.9110737351111112
