NVMe_total_util,CPU,Memory_used
0.9553489,0.7164685,0.91048473
0.95624727,0.7197005,0.9103618
0.9647027,0.7321974,0.9181523
0.9588567,0.7230169,0.9135324
0.96314,0.7321703,0.9172923
