NVMe_total_util,CPU,Memory_used
0.9312812,0.6855922,0.9051289
0.9328631,0.6861379,0.9058584
0.9321339,0.6810454,0.9057129
0.9353453,0.69198394,0.90824103
0.9248495,0.67474055,0.8980739
