NVMe_total_util,CPU,Memory_used
0.951599999999962,0.7578888888677789,0.9113381546666668
0.9406000000002678,0.6986666666343809,0.9110264035555556
0.9685000000004949,0.7754444444138141,0.9111492835555556
0.956199999999808,0.6864444444369937,0.9108621084444444
0.9646000000004278,0.7981111111119388,0.9112211911111112
