NVMe_total_util,CPU,Memory_used
0.9444289,0.7094248,0.9106569
0.94534755,0.71209186,0.91079247
0.948418,0.71679187,0.9140833
0.9494767,0.7187748,0.91562515
0.9436103,0.7076654,0.9105857
