NVMe_total_util,CPU,Memory_used
0.962300000000323,0.8044444444589316,0.9115470506666666
0.9437999999998284,0.7669999999925494,0.9114200746666666
0.880500000000029,0.5592222222023541,0.9113049315555556
0.9642000000003464,0.7565555555435517,0.9113936782222222
0.9480999999999769,0.7517777777483893,0.9117873493333334
