NVMe_total_util,CPU,Memory_used
0.9392139,0.6946193,0.90923804
0.94192326,0.69940895,0.9108432
0.9448284,0.70425737,0.9143404
0.94211423,0.7013095,0.912226
0.94749963,0.7077713,0.9167302
