NVMe_total_util,CPU,Memory_used
0.9335000000006404,0.6844444444506532,0.9112853617777776
0.9465000000003784,0.6612222222300868,0.9113040213333332
0.9441999999999096,0.7022222221828998,0.9110605368888888
0.9554000000000088,0.7196666666616995,0.9111301688888888
0.9496999999999388,0.7297777777641186,0.9111679431111112
