NVMe_total_util,CPU,Memory_used
0.9119999999998984,0.6098888888748156,0.9111483733333332
0.9457999999991444,0.7325555555625922,0.9112221013333334
0.943699999999808,0.6694444445168805,0.9114915271111113
0.9646999999997204,0.7904444444717632,0.9118642631111112
0.9621999999992112,0.70977777775584,0.9113700124444444
