NVMe_total_util,CPU,Memory_used
0.9534806,0.71168387,0.9139565
0.95610297,0.71326727,0.91522527
0.9507749,0.7044052,0.9116785
0.95805097,0.7174145,0.9170699
0.95030344,0.70737916,0.9102998
