NVMe_total_util,CPU,Memory_used
0.9753999999997178,0.7668888888735741,0.9112808106666668
0.941700000000128,0.6344444444816973,0.9113386097777778
0.9474999999998546,0.7064444444452723,0.9112626062222222
0.9454999999998108,0.6652222222234639,0.9114933475555556
0.9347999999998136,0.6754444444345103,0.9115516017777778
