NVMe_total_util,CPU,Memory_used
0.9351161,0.6839305,0.91139156
0.9312962,0.68446213,0.9069891
0.9219793,0.6807797,0.90136945
0.9381492,0.6887036,0.9122762
0.92782295,0.68017656,0.90566254
