NVMe_total_util,CPU,Memory_used
0.9515722,0.7237083,0.9162481
0.9357204,0.710109,0.90422004
0.9424505,0.71160126,0.9082217
0.9497387,0.7212149,0.91443753
0.9507929,0.71746695,0.9131665
