NVMe_total_util,CPU,Memory_used
0.956699999999182,0.7394444444216787,0.9113886720000001
0.942199999999866,0.6503333333155347,0.9113222257777778
0.9142000000010738,0.6360000000128317,0.9113745635555556
0.9146999999989928,0.6104444444179536,0.9113540835555556
0.9579000000001542,0.7296666666451428,0.9116963271111111
