NVMe_total_util,CPU,Memory_used
0.9465000000000146,0.6392222222354674,0.9112844515555556
0.9242999999994934,0.6805555555659036,0.9111278933333332
0.92970000000023,0.6203333333238131,0.9113891271111112
0.9175999999999476,0.6965555555497608,0.9111656675555556
0.9675999999995838,0.7379999999991721,0.9138262471111112
