NVMe_total_util,CPU,Memory_used
0.9431126,0.70793074,0.9100193
0.94520056,0.7120003,0.91159815
0.9403167,0.7053712,0.90956557
0.926963,0.6976323,0.898437
0.9384825,0.70783633,0.90741986
